EmployeeID,Name,Year,Month,MonthName,WorkStatus,SickDays,VacationDays
2921,Henry Wilson,2026,1,January,Active,0,10
2921,Henry Wilson,2026,2,February,Active,0,0
2921,Henry Wilson,2026,3,March,Active,0,0
2921,Henry Wilson,2026,4,April,Active,0,0
2921,Henry Wilson,2026,5,May,Active,0,0
2921,Henry Wilson,2026,6,June,Terminated,0,0
2921,Henry Wilson,2026,7,July,Terminated,0,0
2921,Henry Wilson,2026,8,August,Terminated,0,0
2921,Henry Wilson,2026,9,September,Terminated,0,0
2921,Henry Wilson,2026,10,October,Terminated,0,0
2921,Henry Wilson,2026,11,November,Terminated,0,0
2921,Henry Wilson,2026,12,December,Terminated,0,0
3697,Alfie Wood,2026,1,January,Active,5,5
3697,Alfie Wood,2026,2,February,Active,0,0
3697,Alfie Wood,2026,3,March,Active,2,1
3697,Alfie Wood,2026,4,April,Terminated,0,0
3697,Alfie Wood,2026,5,May,Terminated,0,0
3697,Alfie Wood,2026,6,June,Terminated,0,0
3697,Alfie Wood,2026,7,July,Terminated,0,0
3697,Alfie Wood,2026,8,August,Terminated,0,0
3697,Alfie Wood,2026,9,September,Terminated,0,0
3697,Alfie Wood,2026,10,October,Terminated,0,0
3697,Alfie Wood,2026,11,November,Terminated,0,0
3697,Alfie Wood,2026,12,December,Terminated,0,0
2973,Lucas Cooper,2026,1,January,Active,0,0
2973,Lucas Cooper,2026,2,February,Active,0,0
2973,Lucas Cooper,2026,3,March,Active,0,2
2973,Lucas Cooper,2026,4,April,Active,0,0
2973,Lucas Cooper,2026,5,May,Active,6,0
2973,Lucas Cooper,2026,6,June,Active,0,13
2973,Lucas Cooper,2026,7,July,Active,0,2
2973,Lucas Cooper,2026,8,August,Active,0,0
2973,Lucas Cooper,2026,9,September,Terminated,0,0
2973,Lucas Cooper,2026,10,October,Terminated,0,0
2973,Lucas Cooper,2026,11,November,Terminated,0,0
2973,Lucas Cooper,2026,12,December,Terminated,0,0
1314,Ava Wilson,2026,1,January,Active,0,0
1314,Ava Wilson,2026,2,February,Active,0,0
1314,Ava Wilson,2026,3,March,Active,0,0
1314,Ava Wilson,2026,4,April,Active,0,2
1314,Ava Wilson,2026,5,May,Active,0,0
1314,Ava Wilson,2026,6,June,Active,0,10
1314,Ava Wilson,2026,7,July,Terminated,0,0
1314,Ava Wilson,2026,8,August,Terminated,0,0
1314,Ava Wilson,2026,9,September,Terminated,0,0
1314,Ava Wilson,2026,10,October,Terminated,0,0
1314,Ava Wilson,2026,11,November,Terminated,0,0
1314,Ava Wilson,2026,12,December,Terminated,0,0
2400,Ella Wood,2026,1,January,Active,1,0
2400,Ella Wood,2026,2,February,Active,0,0
2400,Ella Wood,2026,3,March,Active,0,0
2400,Ella Wood,2026,4,April,Active,0,0
2400,Ella Wood,2026,5,May,Active,0,0
2400,Ella Wood,2026,6,June,Active,0,0
2400,Ella Wood,2026,7,July,Active,0,12
2400,Ella Wood,2026,8,August,Active,0,0
2400,Ella Wood,2026,9,September,Active,0,0
2400,Ella Wood,2026,10,October,Active,0,8
2400,Ella Wood,2026,11,November,Terminated,0,0
2400,Ella Wood,2026,12,December,Terminated,0,0
3110,Ruby Cooper,2026,1,January,Active,1,0
3110,Ruby Cooper,2026,2,February,Active,0,0
3110,Ruby Cooper,2026,3,March,Active,0,8
3110,Ruby Cooper,2026,4,April,Active,0,0
3110,Ruby Cooper,2026,5,May,Terminated,0,0
3110,Ruby Cooper,2026,6,June,Terminated,0,0
3110,Ruby Cooper,2026,7,July,Terminated,0,0
3110,Ruby Cooper,2026,8,August,Terminated,0,0
3110,Ruby Cooper,2026,9,September,Terminated,0,0
3110,Ruby Cooper,2026,10,October,Terminated,0,0
3110,Ruby Cooper,2026,11,November,Terminated,0,0
3110,Ruby Cooper,2026,12,December,Terminated,0,0
2036,James Wilson,2026,1,January,Active,0,4
2036,James Wilson,2026,2,February,Active,2,0
2036,James Wilson,2026,3,March,Terminated,0,0
2036,James Wilson,2026,4,April,Terminated,0,0
2036,James Wilson,2026,5,May,Terminated,0,0
2036,James Wilson,2026,6,June,Terminated,0,0
2036,James Wilson,2026,7,July,Terminated,0,0
2036,James Wilson,2026,8,August,Terminated,0,0
2036,James Wilson,2026,9,September,Terminated,0,0
2036,James Wilson,2026,10,October,Terminated,0,0
2036,James Wilson,2026,11,November,Terminated,0,0
2036,James Wilson,2026,12,December,Terminated,0,0
3093,Charlie Wood,2026,1,January,Active,0,0
3093,Charlie Wood,2026,2,February,Active,0,0
3093,Charlie Wood,2026,3,March,Active,0,10
3093,Charlie Wood,2026,4,April,Active,0,0
3093,Charlie Wood,2026,5,May,Active,0,4
3093,Charlie Wood,2026,6,June,Active,0,0
3093,Charlie Wood,2026,7,July,Active,0,3
3093,Charlie Wood,2026,8,August,Active,0,0
3093,Charlie Wood,2026,9,September,Terminated,0,0
3093,Charlie Wood,2026,10,October,Terminated,0,0
3093,Charlie Wood,2026,11,November,Terminated,0,0
3093,Charlie Wood,2026,12,December,Terminated,0,0
2031,Mason Cooper,2026,1,January,Active,0,5
2031,Mason Cooper,2026,2,February,Active,0,1
2031,Mason Cooper,2026,3,March,Active,0,0
2031,Mason Cooper,2026,4,April,Active,1,3
2031,Mason Cooper,2026,5,May,Active,0,2
2031,Mason Cooper,2026,6,June,Active,0,3
2031,Mason Cooper,2026,7,July,Active,0,0
2031,Mason Cooper,2026,8,August,Active,0,3
2031,Mason Cooper,2026,9,September,Active,1,2
2031,Mason Cooper,2026,10,October,Terminated,0,0
2031,Mason Cooper,2026,11,November,Terminated,0,0
2031,Mason Cooper,2026,12,December,Terminated,0,0
3255,Olivia Wilson,2026,1,January,Active,2,10
3255,Olivia Wilson,2026,2,February,Active,0,0
3255,Olivia Wilson,2026,3,March,Active,0,0
3255,Olivia Wilson,2026,4,April,Active,0,0
3255,Olivia Wilson,2026,5,May,Active,0,0
3255,Olivia Wilson,2026,6,June,Terminated,0,0
3255,Olivia Wilson,2026,7,July,Terminated,0,0
3255,Olivia Wilson,2026,8,August,Terminated,0,0
3255,Olivia Wilson,2026,9,September,Terminated,0,0
3255,Olivia Wilson,2026,10,October,Terminated,0,0
3255,Olivia Wilson,2026,11,November,Terminated,0,0
3255,Olivia Wilson,2026,12,December,Terminated,0,0
3087,Grace Wood,2026,1,January,Active,2,5
3087,Grace Wood,2026,2,February,Active,0,0
3087,Grace Wood,2026,3,March,Active,0,0
3087,Grace Wood,2026,4,April,Active,0,0
3087,Grace Wood,2026,5,May,Active,0,0
3087,Grace Wood,2026,6,June,Active,0,0
3087,Grace Wood,2026,7,July,Active,0,0
3087,Grace Wood,2026,8,August,Active,0,13
3087,Grace Wood,2026,9,September,Active,0,0
3087,Grace Wood,2026,10,October,Active,0,0
3087,Grace Wood,2026,11,November,Active,0,2
3087,Grace Wood,2026,12,December,Terminated,0,0
1599,Sophia Cooper,2026,1,January,Active,0,0
1599,Sophia Cooper,2026,2,February,Active,0,0
1599,Sophia Cooper,2026,3,March,Active,5,0
1599,Sophia Cooper,2026,4,April,Active,0,8
1599,Sophia Cooper,2026,5,May,Terminated,0,0
1599,Sophia Cooper,2026,6,June,Terminated,0,0
1599,Sophia Cooper,2026,7,July,Terminated,0,0
1599,Sophia Cooper,2026,8,August,Terminated,0,0
1599,Sophia Cooper,2026,9,September,Terminated,0,0
1599,Sophia Cooper,2026,10,October,Terminated,0,0
1599,Sophia Cooper,2026,11,November,Terminated,0,0
1599,Sophia Cooper,2026,12,December,Terminated,0,0
3372,Florence Wilson,2026,1,January,Active,0,0
3372,Florence Wilson,2026,2,February,Active,0,0
3372,Florence Wilson,2026,3,March,Active,0,1
3372,Florence Wilson,2026,4,April,Active,0,1
3372,Florence Wilson,2026,5,May,Active,0,5
3372,Florence Wilson,2026,6,June,Active,0,0
3372,Florence Wilson,2026,7,July,Active,0,8
3372,Florence Wilson,2026,8,August,Terminated,0,0
3372,Florence Wilson,2026,9,September,Terminated,0,0
3372,Florence Wilson,2026,10,October,Terminated,0,0
3372,Florence Wilson,2026,11,November,Terminated,0,0
3372,Florence Wilson,2026,12,December,Terminated,0,0
2106,George Wood,2026,1,January,Active,0,2
2106,George Wood,2026,2,February,Active,0,3
2106,George Wood,2026,3,March,Active,0,0
2106,George Wood,2026,4,April,Active,0,0
2106,George Wood,2026,5,May,Active,0,0
2106,George Wood,2026,6,June,Active,0,0
2106,George Wood,2026,7,July,Active,0,10
2106,George Wood,2026,8,August,Active,0,0
2106,George Wood,2026,9,September,Active,0,5
2106,George Wood,2026,10,October,Active,0,0
2106,George Wood,2026,11,November,Active,0,0
2106,George Wood,2026,12,December,Active,0,0
2026,Noah Cooper,2026,1,January,Active,2,4
2026,Noah Cooper,2026,2,February,Active,0,0
2026,Noah Cooper,2026,3,March,Terminated,0,0
2026,Noah Cooper,2026,4,April,Terminated,0,0
2026,Noah Cooper,2026,5,May,Terminated,0,0
2026,Noah Cooper,2026,6,June,Terminated,0,0
2026,Noah Cooper,2026,7,July,Terminated,0,0
2026,Noah Cooper,2026,8,August,Terminated,0,0
2026,Noah Cooper,2026,9,September,Terminated,0,0
2026,Noah Cooper,2026,10,October,Terminated,0,0
2026,Noah Cooper,2026,11,November,Terminated,0,0
2026,Noah Cooper,2026,12,December,Terminated,0,0
2195,Daniel Wilson,2026,1,January,Active,0,10
2195,Daniel Wilson,2026,2,February,Active,0,0
2195,Daniel Wilson,2026,3,March,Active,0,0
2195,Daniel Wilson,2026,4,April,Active,0,0
2195,Daniel Wilson,2026,5,May,Active,0,0
2195,Daniel Wilson,2026,6,June,Active,0,2
2195,Daniel Wilson,2026,7,July,Terminated,0,0
2195,Daniel Wilson,2026,8,August,Terminated,0,0
2195,Daniel Wilson,2026,9,September,Terminated,0,0
2195,Daniel Wilson,2026,10,October,Terminated,0,0
2195,Daniel Wilson,2026,11,November,Terminated,0,0
2195,Daniel Wilson,2026,12,December,Terminated,0,0
2022,Jessica Wood,2026,1,January,Active,0,1
2022,Jessica Wood,2026,2,February,Active,8,0
2022,Jessica Wood,2026,3,March,Active,1,5
2022,Jessica Wood,2026,4,April,Terminated,0,0
2022,Jessica Wood,2026,5,May,Terminated,0,0
2022,Jessica Wood,2026,6,June,Terminated,0,0
2022,Jessica Wood,2026,7,July,Terminated,0,0
2022,Jessica Wood,2026,8,August,Terminated,0,0
2022,Jessica Wood,2026,9,September,Terminated,0,0
2022,Jessica Wood,2026,10,October,Terminated,0,0
2022,Jessica Wood,2026,11,November,Terminated,0,0
2022,Jessica Wood,2026,12,December,Terminated,0,0
1815,Charlotte Cooper,2026,1,January,Active,2,0
1815,Charlotte Cooper,2026,2,February,Active,0,0
1815,Charlotte Cooper,2026,3,March,Active,0,0
1815,Charlotte Cooper,2026,4,April,Active,0,2
1815,Charlotte Cooper,2026,5,May,Active,0,2
1815,Charlotte Cooper,2026,6,June,Active,0,0
1815,Charlotte Cooper,2026,7,July,Active,1,5
1815,Charlotte Cooper,2026,8,August,Active,0,10
1815,Charlotte Cooper,2026,9,September,Active,0,0
1815,Charlotte Cooper,2026,10,October,Active,0,5
1815,Charlotte Cooper,2026,11,November,Active,0,0
1815,Charlotte Cooper,2026,12,December,Active,0,0
1976,Hannah Wilson,2026,1,January,Active,0,0
1976,Hannah Wilson,2026,2,February,Active,0,0
1976,Hannah Wilson,2026,3,March,Active,0,0
1976,Hannah Wilson,2026,4,April,Active,0,0
1976,Hannah Wilson,2026,5,May,Active,0,5
1976,Hannah Wilson,2026,6,June,Active,0,0
1976,Hannah Wilson,2026,7,July,Active,0,10
1976,Hannah Wilson,2026,8,August,Active,0,0
1976,Hannah Wilson,2026,9,September,Active,0,3
1976,Hannah Wilson,2026,10,October,Active,2,5
1976,Hannah Wilson,2026,11,November,Active,0,0
1976,Hannah Wilson,2026,12,December,Active,0,2
3063,Oliver Wood,2026,1,January,Active,0,0
3063,Oliver Wood,2026,2,February,Active,0,0
3063,Oliver Wood,2026,3,March,Active,0,0
3063,Oliver Wood,2026,4,April,Active,0,0
3063,Oliver Wood,2026,5,May,Active,2,5
3063,Oliver Wood,2026,6,June,Active,0,0
3063,Oliver Wood,2026,7,July,Active,0,13
3063,Oliver Wood,2026,8,August,Active,0,0
3063,Oliver Wood,2026,9,September,Active,0,0
3063,Oliver Wood,2026,10,October,Active,0,0
3063,Oliver Wood,2026,11,November,Active,0,0
3063,Oliver Wood,2026,12,December,Active,0,2
1404,Harry Cooper,2026,1,January,Active,2,3
1404,Harry Cooper,2026,2,February,Active,0,3
1404,Harry Cooper,2026,3,March,Active,0,0
1404,Harry Cooper,2026,4,April,Active,0,5
1404,Harry Cooper,2026,5,May,Active,0,0
1404,Harry Cooper,2026,6,June,Active,0,0
1404,Harry Cooper,2026,7,July,Active,0,10
1404,Harry Cooper,2026,8,August,Active,0,0
1404,Harry Cooper,2026,9,September,Active,0,0
1404,Harry Cooper,2026,10,October,Active,0,0
1404,Harry Cooper,2026,11,November,Active,0,0
1404,Harry Cooper,2026,12,December,Active,0,0
1603,Logan Wilson,2026,1,January,Not yet employed,0,0
1603,Logan Wilson,2026,2,February,Not yet employed,0,0
1603,Logan Wilson,2026,3,March,Not yet employed,0,0
1603,Logan Wilson,2026,4,April,Not yet employed,0,0
1603,Logan Wilson,2026,5,May,Not yet employed,0,0
1603,Logan Wilson,2026,6,June,Not yet employed,0,0
1603,Logan Wilson,2026,7,July,Not yet employed,0,0
1603,Logan Wilson,2026,8,August,Active,0,5
1603,Logan Wilson,2026,9,September,Active,0,3
1603,Logan Wilson,2026,10,October,Active,0,0
1603,Logan Wilson,2026,11,November,Active,0,0
1603,Logan Wilson,2026,12,December,Active,0,2
2816,Amelia Wood,2026,1,January,Active,0,0
2816,Amelia Wood,2026,2,February,Active,1,0
2816,Amelia Wood,2026,3,March,Active,0,0
2816,Amelia Wood,2026,4,April,Active,0,3
2816,Amelia Wood,2026,5,May,Active,0,5
2816,Amelia Wood,2026,6,June,Active,0,0
2816,Amelia Wood,2026,7,July,Active,0,10
2816,Amelia Wood,2026,8,August,Active,0,2
2816,Amelia Wood,2026,9,September,Active,0,0
2816,Amelia Wood,2026,10,October,Active,0,0
2816,Amelia Wood,2026,11,November,Active,0,0
2816,Amelia Wood,2026,12,December,Active,0,0
1471,Lily Cooper,2026,1,January,Active,0,0
1471,Lily Cooper,2026,2,February,Active,0,0
1471,Lily Cooper,2026,3,March,Active,1,3
1471,Lily Cooper,2026,4,April,Active,0,5
1471,Lily Cooper,2026,5,May,Active,0,0
1471,Lily Cooper,2026,6,June,Active,2,0
1471,Lily Cooper,2026,7,July,Active,0,0
1471,Lily Cooper,2026,8,August,Active,0,10
1471,Lily Cooper,2026,9,September,Active,0,5
1471,Lily Cooper,2026,10,October,Active,0,0
1471,Lily Cooper,2026,11,November,Active,0,0
1471,Lily Cooper,2026,12,December,Active,0,2
2008,Evie Wilson,2026,1,January,Active,0,0
2008,Evie Wilson,2026,2,February,Active,0,0
2008,Evie Wilson,2026,3,March,Active,2,0
2008,Evie Wilson,2026,4,April,Active,0,0
2008,Evie Wilson,2026,5,May,Active,0,0
2008,Evie Wilson,2026,6,June,Active,0,0
2008,Evie Wilson,2026,7,July,Active,0,2
2008,Evie Wilson,2026,8,August,Active,0,10
2008,Evie Wilson,2026,9,September,Active,0,0
2008,Evie Wilson,2026,10,October,Active,0,0
2008,Evie Wilson,2026,11,November,Active,0,0
2008,Evie Wilson,2026,12,December,Active,0,7
2291,Emma Wood,2026,1,January,Active,0,3
2291,Emma Wood,2026,2,February,Active,0,0
2291,Emma Wood,2026,3,March,Active,0,0
2291,Emma Wood,2026,4,April,Active,0,3
2291,Emma Wood,2026,5,May,Active,0,0
2291,Emma Wood,2026,6,June,Active,0,5
2291,Emma Wood,2026,7,July,Active,0,0
2291,Emma Wood,2026,8,August,Active,0,10
2291,Emma Wood,2026,9,September,Active,0,0
2291,Emma Wood,2026,10,October,Active,0,0
2291,Emma Wood,2026,11,November,Active,0,0
2291,Emma Wood,2026,12,December,Active,0,0
3007,Jack Cooper,2026,1,January,Active,0,0
3007,Jack Cooper,2026,2,February,Active,0,0
3007,Jack Cooper,2026,3,March,Active,0,0
3007,Jack Cooper,2026,4,April,Active,0,0
3007,Jack Cooper,2026,5,May,Active,0,0
3007,Jack Cooper,2026,6,June,Active,0,8
3007,Jack Cooper,2026,7,July,Active,0,3
3007,Jack Cooper,2026,8,August,Active,0,10
3007,Jack Cooper,2026,9,September,Active,0,0
3007,Jack Cooper,2026,10,October,Active,0,0
3007,Jack Cooper,2026,11,November,Active,2,0
3007,Jack Cooper,2026,12,December,Active,0,0
1440,Oscar Wilson,2026,1,January,Not yet employed,0,0
1440,Oscar Wilson,2026,2,February,Not yet employed,0,0
1440,Oscar Wilson,2026,3,March,Not yet employed,0,0
1440,Oscar Wilson,2026,4,April,Not yet employed,0,0
1440,Oscar Wilson,2026,5,May,Not yet employed,0,0
1440,Oscar Wilson,2026,6,June,Active,0,4
1440,Oscar Wilson,2026,7,July,Active,0,0
1440,Oscar Wilson,2026,8,August,Active,2,0
1440,Oscar Wilson,2026,9,September,Active,0,2
1440,Oscar Wilson,2026,10,October,Active,0,3
1440,Oscar Wilson,2026,11,November,Active,0,0
1440,Oscar Wilson,2026,12,December,Active,0,6
1963,Joseph Wood,2026,1,January,Active,0,0
1963,Joseph Wood,2026,2,February,Active,0,0
1963,Joseph Wood,2026,3,March,Active,0,3
1963,Joseph Wood,2026,4,April,Active,0,5
1963,Joseph Wood,2026,5,May,Active,0,0
1963,Joseph Wood,2026,6,June,Active,0,0
1963,Joseph Wood,2026,7,July,Active,0,10
1963,Joseph Wood,2026,8,August,Active,2,0
1963,Joseph Wood,2026,9,September,Active,0,0
1963,Joseph Wood,2026,10,October,Active,0,0
1963,Joseph Wood,2026,11,November,Active,0,2
1963,Joseph Wood,2026,12,December,Active,0,0
2447,Poppy Cooper,2026,1,January,Active,0,0
2447,Poppy Cooper,2026,2,February,Active,0,0
2447,Poppy Cooper,2026,3,March,Active,2,0
2447,Poppy Cooper,2026,4,April,On leave,0,0
2447,Poppy Cooper,2026,5,May,Active,0,0
2447,Poppy Cooper,2026,6,June,Active,0,0
2447,Poppy Cooper,2026,7,July,Active,0,12
2447,Poppy Cooper,2026,8,August,Active,0,0
2447,Poppy Cooper,2026,9,September,Active,1,2
2447,Poppy Cooper,2026,10,October,Active,0,0
2447,Poppy Cooper,2026,11,November,Active,0,0
2447,Poppy Cooper,2026,12,December,Active,0,5
3328,Mia Wilson,2026,1,January,Active,0,0
3328,Mia Wilson,2026,2,February,Active,0,0
3328,Mia Wilson,2026,3,March,Active,0,0
3328,Mia Wilson,2026,4,April,Active,2,3
3328,Mia Wilson,2026,5,May,Active,0,0
3328,Mia Wilson,2026,6,June,Active,0,0
3328,Mia Wilson,2026,7,July,Active,0,10
3328,Mia Wilson,2026,8,August,Active,0,5
3328,Mia Wilson,2026,9,September,Active,0,3
3328,Mia Wilson,2026,10,October,Active,0,0
3328,Mia Wilson,2026,11,November,Active,0,0
3328,Mia Wilson,2026,12,December,Active,1,0
1282,Megan Wood,2026,1,January,Active,0,0
1282,Megan Wood,2026,2,February,Active,0,0
1282,Megan Wood,2026,3,March,Active,0,0
1282,Megan Wood,2026,4,April,Active,0,0
1282,Megan Wood,2026,5,May,Active,0,0
1282,Megan Wood,2026,6,June,Active,0,0
1282,Megan Wood,2026,7,July,Active,0,7
1282,Megan Wood,2026,8,August,Active,1,10
1282,Megan Wood,2026,9,September,Active,0,0
1282,Megan Wood,2026,10,October,Active,0,0
1282,Megan Wood,2026,11,November,Active,0,0
1282,Megan Wood,2026,12,December,Active,0,3
3119,William Cooper,2026,1,January,Active,0,0
3119,William Cooper,2026,2,February,Active,0,0
3119,William Cooper,2026,3,March,Active,0,0
3119,William Cooper,2026,4,April,Active,0,2
3119,William Cooper,2026,5,May,Active,0,3
3119,William Cooper,2026,6,June,Active,0,0
3119,William Cooper,2026,7,July,Active,0,5
3119,William Cooper,2026,8,August,Active,0,10
3119,William Cooper,2026,9,September,Active,0,0
3119,William Cooper,2026,10,October,Active,0,0
3119,William Cooper,2026,11,November,Active,0,0
3119,William Cooper,2026,12,December,Active,0,0
3276,Jacob Wilson,2026,1,January,Active,0,5
3276,Jacob Wilson,2026,2,February,Active,0,0
3276,Jacob Wilson,2026,3,March,Active,0,0
3276,Jacob Wilson,2026,4,April,Active,0,0
3276,Jacob Wilson,2026,5,May,Active,0,0
3276,Jacob Wilson,2026,6,June,Active,0,0
3276,Jacob Wilson,2026,7,July,Active,0,10
3276,Jacob Wilson,2026,8,August,Active,0,3
3276,Jacob Wilson,2026,9,September,Active,0,3
3276,Jacob Wilson,2026,10,October,Active,0,0
3276,Jacob Wilson,2026,11,November,Active,0,0
3276,Jacob Wilson,2026,12,December,Active,0,0
2122,Ethan Wood,2026,1,January,Active,0,0
2122,Ethan Wood,2026,2,February,Active,0,0
2122,Ethan Wood,2026,3,March,Active,0,0
2122,Ethan Wood,2026,4,April,Active,0,0
2122,Ethan Wood,2026,5,May,Active,0,5
2122,Ethan Wood,2026,6,June,Active,0,0
2122,Ethan Wood,2026,7,July,Active,0,13
2122,Ethan Wood,2026,8,August,Active,0,0
2122,Ethan Wood,2026,9,September,Active,0,3
2122,Ethan Wood,2026,10,October,Active,0,0
2122,Ethan Wood,2026,11,November,Active,0,0
2122,Ethan Wood,2026,12,December,Active,0,0
3771,Isla Cooper,2026,1,January,Active,0,0
3771,Isla Cooper,2026,2,February,Active,0,0
3771,Isla Cooper,2026,3,March,Active,0,5
3771,Isla Cooper,2026,4,April,Active,0,3
3771,Isla Cooper,2026,5,May,Active,0,0
3771,Isla Cooper,2026,6,June,Active,0,0
3771,Isla Cooper,2026,7,July,Active,0,10
3771,Isla Cooper,2026,8,August,Active,0,0
3771,Isla Cooper,2026,9,September,Active,0,0
3771,Isla Cooper,2026,10,October,Active,0,2
3771,Isla Cooper,2026,11,November,Active,0,0
3771,Isla Cooper,2026,12,December,Active,0,0
2931,Freya Wilson,2026,1,January,Active,0,2
2931,Freya Wilson,2026,2,February,Active,2,0
2931,Freya Wilson,2026,3,March,Active,0,5
2931,Freya Wilson,2026,4,April,Active,0,0
2931,Freya Wilson,2026,5,May,Active,1,0
2931,Freya Wilson,2026,6,June,Active,0,0
2931,Freya Wilson,2026,7,July,Active,0,0
2931,Freya Wilson,2026,8,August,Active,0,10
2931,Freya Wilson,2026,9,September,Active,0,0
2931,Freya Wilson,2026,10,October,Active,0,2
2931,Freya Wilson,2026,11,November,Active,0,0
2931,Freya Wilson,2026,12,December,Active,0,0
2451,Sienna Wood,2026,1,January,Active,0,0
2451,Sienna Wood,2026,2,February,Active,0,0
2451,Sienna Wood,2026,3,March,Active,0,5
2451,Sienna Wood,2026,4,April,Active,0,0
2451,Sienna Wood,2026,5,May,Active,0,0
2451,Sienna Wood,2026,6,June,Active,0,0
2451,Sienna Wood,2026,7,July,Active,1,0
2451,Sienna Wood,2026,8,August,Active,0,10
2451,Sienna Wood,2026,9,September,Active,0,0
2451,Sienna Wood,2026,10,October,Active,0,5
2451,Sienna Wood,2026,11,November,Active,0,2
2451,Sienna Wood,2026,12,December,Active,0,3
3308,Lucy Cooper,2026,1,January,Active,0,3
3308,Lucy Cooper,2026,2,February,Active,0,0
3308,Lucy Cooper,2026,3,March,Active,0,5
3308,Lucy Cooper,2026,4,April,Active,0,0
3308,Lucy Cooper,2026,5,May,Active,0,2
3308,Lucy Cooper,2026,6,June,Active,0,5
3308,Lucy Cooper,2026,7,July,Active,0,0
3308,Lucy Cooper,2026,8,August,Active,0,10
3308,Lucy Cooper,2026,9,September,Active,6,0
3308,Lucy Cooper,2026,10,October,Active,0,0
3308,Lucy Cooper,2026,11,November,On leave,0,0
3308,Lucy Cooper,2026,12,December,Active,0,0
2196,Thomas Wilson,2026,1,January,Not yet employed,0,0
2196,Thomas Wilson,2026,2,February,Not yet employed,0,0
2196,Thomas Wilson,2026,3,March,Not yet employed,0,0
2196,Thomas Wilson,2026,4,April,Not yet employed,0,0
2196,Thomas Wilson,2026,5,May,Not yet employed,0,0
2196,Thomas Wilson,2026,6,June,Active,2,3
2196,Thomas Wilson,2026,7,July,Active,2,3
2196,Thomas Wilson,2026,8,August,Active,0,0
2196,Thomas Wilson,2026,9,September,Active,0,6
2196,Thomas Wilson,2026,10,October,Active,0,0
2196,Thomas Wilson,2026,11,November,Active,0,0
2196,Thomas Wilson,2026,12,December,Active,0,3
3784,Leo Wood,2026,1,January,Not yet employed,0,0
3784,Leo Wood,2026,2,February,Not yet employed,0,0
3784,Leo Wood,2026,3,March,Not yet employed,0,0
3784,Leo Wood,2026,4,April,Not yet employed,0,0
3784,Leo Wood,2026,5,May,Not yet employed,0,0
3784,Leo Wood,2026,6,June,Not yet employed,0,0
3784,Leo Wood,2026,7,July,Active,0,1
3784,Leo Wood,2026,8,August,Active,0,4
3784,Leo Wood,2026,9,September,Active,2,0
3784,Leo Wood,2026,10,October,Active,0,0
3784,Leo Wood,2026,11,November,Active,0,0
3784,Leo Wood,2026,12,December,Active,2,7
1442,Emily Cooper,2026,1,January,Active,0,5
1442,Emily Cooper,2026,2,February,Active,0,0
1442,Emily Cooper,2026,3,March,Active,0,0
1442,Emily Cooper,2026,4,April,Active,0,0
1442,Emily Cooper,2026,5,May,Active,0,0
1442,Emily Cooper,2026,6,June,Active,0,3
1442,Emily Cooper,2026,7,July,Active,0,10
1442,Emily Cooper,2026,8,August,Active,0,0
1442,Emily Cooper,2026,9,September,Active,1,0
1442,Emily Cooper,2026,10,October,Active,2,0
1442,Emily Cooper,2026,11,November,Active,0,3
1442,Emily Cooper,2026,12,December,Active,0,0
2169,Sophie Wilson,2026,1,January,Active,0,0
2169,Sophie Wilson,2026,2,February,Active,0,8
2169,Sophie Wilson,2026,3,March,Active,0,0
2169,Sophie Wilson,2026,4,April,Active,0,0
2169,Sophie Wilson,2026,5,May,Active,0,0
2169,Sophie Wilson,2026,6,June,Active,0,0
2169,Sophie Wilson,2026,7,July,Active,0,10
2169,Sophie Wilson,2026,8,August,Active,0,0
2169,Sophie Wilson,2026,9,September,Active,0,3
2169,Sophie Wilson,2026,10,October,Active,1,0
2169,Sophie Wilson,2026,11,November,Active,0,0
2169,Sophie Wilson,2026,12,December,Active,0,0
2160,Chloe Wood,2026,1,January,Not yet employed,0,0
2160,Chloe Wood,2026,2,February,Not yet employed,0,0
2160,Chloe Wood,2026,3,March,Not yet employed,0,0
2160,Chloe Wood,2026,4,April,Not yet employed,0,0
2160,Chloe Wood,2026,5,May,Not yet employed,0,0
2160,Chloe Wood,2026,6,June,Active,0,5
2160,Chloe Wood,2026,7,July,Active,1,1
2160,Chloe Wood,2026,8,August,Active,0,2
2160,Chloe Wood,2026,9,September,Active,2,5
2160,Chloe Wood,2026,10,October,Active,0,0
2160,Chloe Wood,2026,11,November,Active,0,0
2160,Chloe Wood,2026,12,December,Active,0,2
1489,Alice Cooper,2026,1,January,Active,0,0
1489,Alice Cooper,2026,2,February,Active,0,0
1489,Alice Cooper,2026,3,March,Active,0,5
1489,Alice Cooper,2026,4,April,Active,0,5
1489,Alice Cooper,2026,5,May,Active,0,3
1489,Alice Cooper,2026,6,June,Active,0,0
1489,Alice Cooper,2026,7,July,Active,0,10
1489,Alice Cooper,2026,8,August,Active,0,0
1489,Alice Cooper,2026,9,September,Active,0,0
1489,Alice Cooper,2026,10,October,Active,0,0
1489,Alice Cooper,2026,11,November,Active,0,3
1489,Alice Cooper,2026,12,December,Active,0,0
1518,Henry Wilson,2026,1,January,Active,1,0
1518,Henry Wilson,2026,2,February,Active,0,0
1518,Henry Wilson,2026,3,March,Active,0,0
1518,Henry Wilson,2026,4,April,Active,2,2
1518,Henry Wilson,2026,5,May,Active,0,0
1518,Henry Wilson,2026,6,June,Active,0,0
1518,Henry Wilson,2026,7,July,Active,0,10
1518,Henry Wilson,2026,8,August,Active,0,0
1518,Henry Wilson,2026,9,September,Active,0,0
1518,Henry Wilson,2026,10,October,Active,0,0
1518,Henry Wilson,2026,11,November,Active,0,0
1518,Henry Wilson,2026,12,December,Active,0,8
1399,Alfie Wood,2026,1,January,Not yet employed,0,0
1399,Alfie Wood,2026,2,February,Not yet employed,0,0
1399,Alfie Wood,2026,3,March,Not yet employed,0,0
1399,Alfie Wood,2026,4,April,Not yet employed,0,0
1399,Alfie Wood,2026,5,May,Not yet employed,0,0
1399,Alfie Wood,2026,6,June,Not yet employed,0,0
1399,Alfie Wood,2026,7,July,Not yet employed,0,0
1399,Alfie Wood,2026,8,August,Not yet employed,0,0
1399,Alfie Wood,2026,9,September,Not yet employed,0,0
1399,Alfie Wood,2026,10,October,Active,0,0
1399,Alfie Wood,2026,11,November,Active,1,0
1399,Alfie Wood,2026,12,December,Active,1,6
1132,Lucas Cooper,2026,1,January,Active,0,5
1132,Lucas Cooper,2026,2,February,Active,1,0
1132,Lucas Cooper,2026,3,March,Active,0,0
1132,Lucas Cooper,2026,4,April,Active,0,0
1132,Lucas Cooper,2026,5,May,Active,0,0
1132,Lucas Cooper,2026,6,June,Active,0,0
1132,Lucas Cooper,2026,7,July,Active,0,0
1132,Lucas Cooper,2026,8,August,Active,0,13
1132,Lucas Cooper,2026,9,September,Active,0,0
1132,Lucas Cooper,2026,10,October,Active,0,0
1132,Lucas Cooper,2026,11,November,Active,0,0
1132,Lucas Cooper,2026,12,December,Active,0,3
1913,Ava Wilson,2026,1,January,Not yet employed,0,0
1913,Ava Wilson,2026,2,February,Active,0,2
1913,Ava Wilson,2026,3,March,Active,0,0
1913,Ava Wilson,2026,4,April,Active,0,0
1913,Ava Wilson,2026,5,May,Active,0,0
1913,Ava Wilson,2026,6,June,Active,0,5
1913,Ava Wilson,2026,7,July,Active,0,5
1913,Ava Wilson,2026,8,August,Active,0,10
1913,Ava Wilson,2026,9,September,Active,7,0
1913,Ava Wilson,2026,10,October,Active,0,0
1913,Ava Wilson,2026,11,November,Active,0,2
1913,Ava Wilson,2026,12,December,Active,0,0
2961,Ella Wood,2026,1,January,Not yet employed,0,0
2961,Ella Wood,2026,2,February,Not yet employed,0,0
2961,Ella Wood,2026,3,March,Not yet employed,0,0
2961,Ella Wood,2026,4,April,Not yet employed,0,0
2961,Ella Wood,2026,5,May,Not yet employed,0,0
2961,Ella Wood,2026,6,June,Not yet employed,0,0
2961,Ella Wood,2026,7,July,Not yet employed,0,0
2961,Ella Wood,2026,8,August,Not yet employed,0,0
2961,Ella Wood,2026,9,September,Not yet employed,0,0
2961,Ella Wood,2026,10,October,Active,1,0
2961,Ella Wood,2026,11,November,Active,0,0
2961,Ella Wood,2026,12,December,Active,0,6
1104,Ruby Cooper,2026,1,January,Active,0,0
1104,Ruby Cooper,2026,2,February,Active,0,0
1104,Ruby Cooper,2026,3,March,Active,0,0
1104,Ruby Cooper,2026,4,April,Active,0,0
1104,Ruby Cooper,2026,5,May,Active,0,5
1104,Ruby Cooper,2026,6,June,Active,0,0
1104,Ruby Cooper,2026,7,July,Active,0,3
1104,Ruby Cooper,2026,8,August,Active,0,10
1104,Ruby Cooper,2026,9,September,Active,0,0
1104,Ruby Cooper,2026,10,October,Active,0,0
1104,Ruby Cooper,2026,11,November,Active,0,2
1104,Ruby Cooper,2026,12,December,Active,0,5
2303,James Wilson,2026,1,January,Active,0,3
2303,James Wilson,2026,2,February,Active,0,5
2303,James Wilson,2026,3,March,Active,0,0
2303,James Wilson,2026,4,April,Active,0,0
2303,James Wilson,2026,5,May,Active,0,0
2303,James Wilson,2026,6,June,Active,0,0
2303,James Wilson,2026,7,July,Active,1,10
2303,James Wilson,2026,8,August,Active,0,0
2303,James Wilson,2026,9,September,Active,0,0
2303,James Wilson,2026,10,October,Active,0,0
2303,James Wilson,2026,11,November,Active,0,0
2303,James Wilson,2026,12,December,Active,0,2
2932,Charlie Wood,2026,1,January,Active,0,0
2932,Charlie Wood,2026,2,February,Active,2,3
2932,Charlie Wood,2026,3,March,Active,0,0
2932,Charlie Wood,2026,4,April,Active,0,0
2932,Charlie Wood,2026,5,May,Active,0,5
2932,Charlie Wood,2026,6,June,Active,1,0
2932,Charlie Wood,2026,7,July,Active,0,10
2932,Charlie Wood,2026,8,August,Active,0,0
2932,Charlie Wood,2026,9,September,Active,0,0
2932,Charlie Wood,2026,10,October,Active,0,0
2932,Charlie Wood,2026,11,November,Active,0,0
2932,Charlie Wood,2026,12,December,Active,0,2
2464,Mason Cooper,2026,1,January,Not yet employed,0,0
2464,Mason Cooper,2026,2,February,Not yet employed,0,0
2464,Mason Cooper,2026,3,March,Not yet employed,0,0
2464,Mason Cooper,2026,4,April,Not yet employed,0,0
2464,Mason Cooper,2026,5,May,Active,0,3
2464,Mason Cooper,2026,6,June,Active,0,0
2464,Mason Cooper,2026,7,July,Active,0,0
2464,Mason Cooper,2026,8,August,Active,0,0
2464,Mason Cooper,2026,9,September,Active,0,0
2464,Mason Cooper,2026,10,October,Active,0,2
2464,Mason Cooper,2026,11,November,Active,0,0
2464,Mason Cooper,2026,12,December,Active,1,12
3020,Olivia Wilson,2026,1,January,Not yet employed,0,0
3020,Olivia Wilson,2026,2,February,Not yet employed,0,0
3020,Olivia Wilson,2026,3,March,Not yet employed,0,0
3020,Olivia Wilson,2026,4,April,Active,0,0
3020,Olivia Wilson,2026,5,May,Active,0,1
3020,Olivia Wilson,2026,6,June,Active,0,3
3020,Olivia Wilson,2026,7,July,Active,0,0
3020,Olivia Wilson,2026,8,August,Active,0,0
3020,Olivia Wilson,2026,9,September,Active,2,0
3020,Olivia Wilson,2026,10,October,Active,0,13
3020,Olivia Wilson,2026,11,November,Active,0,2
3020,Olivia Wilson,2026,12,December,Active,0,0
3144,Grace Wood,2026,1,January,Active,0,0
3144,Grace Wood,2026,2,February,Active,0,0
3144,Grace Wood,2026,3,March,Active,0,0
3144,Grace Wood,2026,4,April,Active,0,0
3144,Grace Wood,2026,5,May,Active,0,0
3144,Grace Wood,2026,6,June,Active,0,3
3144,Grace Wood,2026,7,July,Active,0,0
3144,Grace Wood,2026,8,August,Active,0,10
3144,Grace Wood,2026,9,September,Active,0,0
3144,Grace Wood,2026,10,October,Active,0,8
3144,Grace Wood,2026,11,November,Active,0,0
3144,Grace Wood,2026,12,December,Active,0,0
3331,Sophia Cooper,2026,1,January,Active,0,3
3331,Sophia Cooper,2026,2,February,Active,0,0
3331,Sophia Cooper,2026,3,March,Active,0,0
3331,Sophia Cooper,2026,4,April,Active,0,0
3331,Sophia Cooper,2026,5,May,Active,0,0
3331,Sophia Cooper,2026,6,June,Active,1,0
3331,Sophia Cooper,2026,7,July,Active,0,0
3331,Sophia Cooper,2026,8,August,Active,0,10
3331,Sophia Cooper,2026,9,September,Active,0,5
3331,Sophia Cooper,2026,10,October,Active,0,0
3331,Sophia Cooper,2026,11,November,Active,0,2
3331,Sophia Cooper,2026,12,December,Active,0,0
3114,Florence Wilson,2026,1,January,Active,0,5
3114,Florence Wilson,2026,2,February,Active,0,0
3114,Florence Wilson,2026,3,March,Active,0,0
3114,Florence Wilson,2026,4,April,Active,0,2
3114,Florence Wilson,2026,5,May,Active,0,0
3114,Florence Wilson,2026,6,June,Active,0,0
3114,Florence Wilson,2026,7,July,Active,0,10
3114,Florence Wilson,2026,8,August,Active,0,0
3114,Florence Wilson,2026,9,September,Active,0,0
3114,Florence Wilson,2026,10,October,Active,0,0
3114,Florence Wilson,2026,11,November,Active,0,2
3114,Florence Wilson,2026,12,December,Active,0,0
3585,George Wood,2026,1,January,Active,0,0
3585,George Wood,2026,2,February,Active,0,8
3585,George Wood,2026,3,March,Active,0,0
3585,George Wood,2026,4,April,Active,0,0
3585,George Wood,2026,5,May,Active,2,0
3585,George Wood,2026,6,June,Active,0,3
3585,George Wood,2026,7,July,Active,0,0
3585,George Wood,2026,8,August,Active,0,10
3585,George Wood,2026,9,September,Active,0,0
3585,George Wood,2026,10,October,Active,0,0
3585,George Wood,2026,11,November,Active,0,0
3585,George Wood,2026,12,December,Active,0,0
2328,Noah Cooper,2026,1,January,Active,0,2
2328,Noah Cooper,2026,2,February,Active,0,0
2328,Noah Cooper,2026,3,March,Active,0,5
2328,Noah Cooper,2026,4,April,Active,0,0
2328,Noah Cooper,2026,5,May,Active,0,3
2328,Noah Cooper,2026,6,June,Active,0,0
2328,Noah Cooper,2026,7,July,Active,0,0
2328,Noah Cooper,2026,8,August,Active,0,10
2328,Noah Cooper,2026,9,September,Active,0,0
2328,Noah Cooper,2026,10,October,Active,1,0
2328,Noah Cooper,2026,11,November,Active,0,0
2328,Noah Cooper,2026,12,December,Active,2,0
1879,Daniel Wilson,2026,1,January,Active,0,0
1879,Daniel Wilson,2026,2,February,Active,0,2
1879,Daniel Wilson,2026,3,March,Active,0,0
1879,Daniel Wilson,2026,4,April,Active,0,0
1879,Daniel Wilson,2026,5,May,Active,0,0
1879,Daniel Wilson,2026,6,June,Active,0,0
1879,Daniel Wilson,2026,7,July,Active,0,10
1879,Daniel Wilson,2026,8,August,Active,0,5
1879,Daniel Wilson,2026,9,September,Active,0,2
1879,Daniel Wilson,2026,10,October,Active,0,0
1879,Daniel Wilson,2026,11,November,Active,0,0
1879,Daniel Wilson,2026,12,December,Active,0,0
3758,Jessica Wood,2026,1,January,Not yet employed,0,0
3758,Jessica Wood,2026,2,February,Not yet employed,0,0
3758,Jessica Wood,2026,3,March,Not yet employed,0,0
3758,Jessica Wood,2026,4,April,Not yet employed,0,0
3758,Jessica Wood,2026,5,May,Not yet employed,0,0
3758,Jessica Wood,2026,6,June,Not yet employed,0,0
3758,Jessica Wood,2026,7,July,Not yet employed,0,0
3758,Jessica Wood,2026,8,August,Not yet employed,0,0
3758,Jessica Wood,2026,9,September,Active,0,5
3758,Jessica Wood,2026,10,October,Active,0,0
3758,Jessica Wood,2026,11,November,Active,0,3
3758,Jessica Wood,2026,12,December,Active,0,0
2473,Charlotte Cooper,2026,1,January,Active,0,0
2473,Charlotte Cooper,2026,2,February,Active,0,0
2473,Charlotte Cooper,2026,3,March,Active,0,0
2473,Charlotte Cooper,2026,4,April,Active,0,0
2473,Charlotte Cooper,2026,5,May,Active,2,3
2473,Charlotte Cooper,2026,6,June,Active,0,0
2473,Charlotte Cooper,2026,7,July,Active,0,10
2473,Charlotte Cooper,2026,8,August,Active,0,0
2473,Charlotte Cooper,2026,9,September,Active,0,0
2473,Charlotte Cooper,2026,10,October,Active,0,8
2473,Charlotte Cooper,2026,11,November,Active,0,0
2473,Charlotte Cooper,2026,12,December,Active,0,0
3669,Hannah Wilson,2026,1,January,Active,0,0
3669,Hannah Wilson,2026,2,February,Active,0,5
3669,Hannah Wilson,2026,3,March,Active,0,0
3669,Hannah Wilson,2026,4,April,Active,0,0
3669,Hannah Wilson,2026,5,May,Active,0,0
3669,Hannah Wilson,2026,6,June,Active,0,0
3669,Hannah Wilson,2026,7,July,Active,0,10
3669,Hannah Wilson,2026,8,August,Active,0,0
3669,Hannah Wilson,2026,9,September,Active,0,3
3669,Hannah Wilson,2026,10,October,Active,1,0
3669,Hannah Wilson,2026,11,November,Active,0,0
3669,Hannah Wilson,2026,12,December,Active,0,3
1768,Oliver Wood,2026,1,January,Not yet employed,0,0
1768,Oliver Wood,2026,2,February,Not yet employed,0,0
1768,Oliver Wood,2026,3,March,Not yet employed,0,0
1768,Oliver Wood,2026,4,April,Active,0,3
1768,Oliver Wood,2026,5,May,Active,0,5
1768,Oliver Wood,2026,6,June,Active,0,0
1768,Oliver Wood,2026,7,July,Active,0,0
1768,Oliver Wood,2026,8,August,Active,0,2
1768,Oliver Wood,2026,9,September,Active,2,0
1768,Oliver Wood,2026,10,October,Active,0,2
1768,Oliver Wood,2026,11,November,Active,0,1
1768,Oliver Wood,2026,12,December,Active,0,6
3426,Harry Cooper,2026,1,January,Active,0,3
3426,Harry Cooper,2026,2,February,Active,1,3
3426,Harry Cooper,2026,3,March,Active,0,0
3426,Harry Cooper,2026,4,April,Active,0,3
3426,Harry Cooper,2026,5,May,Active,0,2
3426,Harry Cooper,2026,6,June,Active,0,7
3426,Harry Cooper,2026,7,July,Active,0,0
3426,Harry Cooper,2026,8,August,Active,0,1
3426,Harry Cooper,2026,9,September,On leave,0,0
3426,Harry Cooper,2026,10,October,On leave,0,0
3426,Harry Cooper,2026,11,November,On leave,0,0
3426,Harry Cooper,2026,12,December,Active,0,0
1826,Logan Wilson,2026,1,January,Active,0,0
1826,Logan Wilson,2026,2,February,Active,0,0
1826,Logan Wilson,2026,3,March,Active,0,0
1826,Logan Wilson,2026,4,April,Active,0,8
1826,Logan Wilson,2026,5,May,Active,2,0
1826,Logan Wilson,2026,6,June,Active,0,0
1826,Logan Wilson,2026,7,July,Active,0,10
1826,Logan Wilson,2026,8,August,Active,0,0
1826,Logan Wilson,2026,9,September,Active,0,0
1826,Logan Wilson,2026,10,October,Active,0,3
1826,Logan Wilson,2026,11,November,Active,0,0
1826,Logan Wilson,2026,12,December,Active,0,0
1101,Amelia Wood,2026,1,January,Active,1,0
1101,Amelia Wood,2026,2,February,Active,0,0
1101,Amelia Wood,2026,3,March,Active,0,0
1101,Amelia Wood,2026,4,April,Active,0,0
1101,Amelia Wood,2026,5,May,Active,2,3
1101,Amelia Wood,2026,6,June,Active,0,5
1101,Amelia Wood,2026,7,July,Active,0,3
1101,Amelia Wood,2026,8,August,Active,0,10
1101,Amelia Wood,2026,9,September,Active,0,0
1101,Amelia Wood,2026,10,October,Active,0,0
1101,Amelia Wood,2026,11,November,Active,0,0
1101,Amelia Wood,2026,12,December,Active,0,0
3337,Lily Cooper,2026,1,January,Not yet employed,0,0
3337,Lily Cooper,2026,2,February,Not yet employed,0,0
3337,Lily Cooper,2026,3,March,Not yet employed,0,0
3337,Lily Cooper,2026,4,April,Not yet employed,0,0
3337,Lily Cooper,2026,5,May,Not yet employed,0,0
3337,Lily Cooper,2026,6,June,Not yet employed,0,0
3337,Lily Cooper,2026,7,July,Not yet employed,0,0
3337,Lily Cooper,2026,8,August,Not yet employed,0,0
3337,Lily Cooper,2026,9,September,Not yet employed,0,0
3337,Lily Cooper,2026,10,October,Active,1,0
3337,Lily Cooper,2026,11,November,Active,0,0
3337,Lily Cooper,2026,12,December,Active,1,6
2000,Evie Wilson,2026,1,January,Active,0,0
2000,Evie Wilson,2026,2,February,Active,0,0
2000,Evie Wilson,2026,3,March,Active,0,0
2000,Evie Wilson,2026,4,April,Active,0,0
2000,Evie Wilson,2026,5,May,Active,0,0
2000,Evie Wilson,2026,6,June,Active,0,5
2000,Evie Wilson,2026,7,July,Active,0,3
2000,Evie Wilson,2026,8,August,Active,0,10
2000,Evie Wilson,2026,9,September,Active,2,0
2000,Evie Wilson,2026,10,October,Active,0,0
2000,Evie Wilson,2026,11,November,Active,0,0
2000,Evie Wilson,2026,12,December,Active,0,2
2773,Emma Wood,2026,1,January,Not yet employed,0,0
2773,Emma Wood,2026,2,February,Not yet employed,0,0
2773,Emma Wood,2026,3,March,Not yet employed,0,0
2773,Emma Wood,2026,4,April,Not yet employed,0,0
2773,Emma Wood,2026,5,May,Active,0,2
2773,Emma Wood,2026,6,June,Active,0,1
2773,Emma Wood,2026,7,July,Active,0,1
2773,Emma Wood,2026,8,August,Active,0,0
2773,Emma Wood,2026,9,September,Active,0,0
2773,Emma Wood,2026,10,October,Active,0,2
2773,Emma Wood,2026,11,November,Active,0,0
2773,Emma Wood,2026,12,December,Active,0,11
1189,Jack Cooper,2026,1,January,Active,0,0
1189,Jack Cooper,2026,2,February,Active,0,0
1189,Jack Cooper,2026,3,March,Active,0,0
1189,Jack Cooper,2026,4,April,Active,0,2
1189,Jack Cooper,2026,5,May,Active,0,0
1189,Jack Cooper,2026,6,June,Active,0,3
1189,Jack Cooper,2026,7,July,Active,0,5
1189,Jack Cooper,2026,8,August,Active,8,10
1189,Jack Cooper,2026,9,September,Active,0,0
1189,Jack Cooper,2026,10,October,Active,0,0
1189,Jack Cooper,2026,11,November,Active,0,0
1189,Jack Cooper,2026,12,December,Active,0,0
1415,Oscar Wilson,2026,1,January,Active,0,5
1415,Oscar Wilson,2026,2,February,Active,0,0
1415,Oscar Wilson,2026,3,March,Active,0,3
1415,Oscar Wilson,2026,4,April,Active,0,0
1415,Oscar Wilson,2026,5,May,Active,0,0
1415,Oscar Wilson,2026,6,June,Active,0,0
1415,Oscar Wilson,2026,7,July,Active,1,0
1415,Oscar Wilson,2026,8,August,Active,0,10
1415,Oscar Wilson,2026,9,September,Active,0,3
1415,Oscar Wilson,2026,10,October,Active,0,0
1415,Oscar Wilson,2026,11,November,Active,0,0
1415,Oscar Wilson,2026,12,December,Active,0,0
2369,Joseph Wood,2026,1,January,Active,0,0
2369,Joseph Wood,2026,2,February,Active,0,5
2369,Joseph Wood,2026,3,March,Active,0,0
2369,Joseph Wood,2026,4,April,Active,0,0
2369,Joseph Wood,2026,5,May,Active,0,0
2369,Joseph Wood,2026,6,June,Active,0,0
2369,Joseph Wood,2026,7,July,Active,0,13
2369,Joseph Wood,2026,8,August,Active,0,5
2369,Joseph Wood,2026,9,September,Active,0,0
2369,Joseph Wood,2026,10,October,Active,0,0
2369,Joseph Wood,2026,11,November,Active,0,2
2369,Joseph Wood,2026,12,December,Active,0,0
3397,Poppy Cooper,2026,1,January,Not yet employed,0,0
3397,Poppy Cooper,2026,2,February,Not yet employed,0,0
3397,Poppy Cooper,2026,3,March,Not yet employed,0,0
3397,Poppy Cooper,2026,4,April,Not yet employed,0,0
3397,Poppy Cooper,2026,5,May,Not yet employed,0,0
3397,Poppy Cooper,2026,6,June,Not yet employed,0,0
3397,Poppy Cooper,2026,7,July,Active,0,0
3397,Poppy Cooper,2026,8,August,Active,0,5
3397,Poppy Cooper,2026,9,September,Active,2,5
3397,Poppy Cooper,2026,10,October,Active,2,2
3397,Poppy Cooper,2026,11,November,Active,0,0
3397,Poppy Cooper,2026,12,December,Active,0,0
1156,Mia Wilson,2026,1,January,Active,0,0
1156,Mia Wilson,2026,2,February,Active,0,0
1156,Mia Wilson,2026,3,March,Active,0,0
1156,Mia Wilson,2026,4,April,Active,2,0
1156,Mia Wilson,2026,5,May,Active,0,0
1156,Mia Wilson,2026,6,June,Active,0,5
1156,Mia Wilson,2026,7,July,Active,0,0
1156,Mia Wilson,2026,8,August,Active,0,10
1156,Mia Wilson,2026,9,September,Active,0,0
1156,Mia Wilson,2026,10,October,Active,0,0
1156,Mia Wilson,2026,11,November,Active,0,3
1156,Mia Wilson,2026,12,December,Active,0,3
1837,Megan Wood,2026,1,January,Active,0,5
1837,Megan Wood,2026,2,February,Active,0,0
1837,Megan Wood,2026,3,March,Active,1,0
1837,Megan Wood,2026,4,April,Active,0,2
1837,Megan Wood,2026,5,May,Active,0,5
1837,Megan Wood,2026,6,June,Active,0,0
1837,Megan Wood,2026,7,July,Active,0,10
1837,Megan Wood,2026,8,August,Active,0,0
1837,Megan Wood,2026,9,September,Active,0,0
1837,Megan Wood,2026,10,October,Active,1,0
1837,Megan Wood,2026,11,November,Active,0,0
1837,Megan Wood,2026,12,December,Active,0,3
1240,William Cooper,2026,1,January,Active,0,0
1240,William Cooper,2026,2,February,Active,0,0
1240,William Cooper,2026,3,March,Active,1,0
1240,William Cooper,2026,4,April,Active,8,0
1240,William Cooper,2026,5,May,Active,0,0
1240,William Cooper,2026,6,June,Active,0,0
1240,William Cooper,2026,7,July,Active,0,12
1240,William Cooper,2026,8,August,Active,0,5
1240,William Cooper,2026,9,September,Active,0,0
1240,William Cooper,2026,10,October,Active,0,0
1240,William Cooper,2026,11,November,Active,0,0
1240,William Cooper,2026,12,December,Active,0,2
3077,Jacob Wilson,2026,1,January,Not yet employed,0,0
3077,Jacob Wilson,2026,2,February,Not yet employed,0,0
3077,Jacob Wilson,2026,3,March,Not yet employed,0,0
3077,Jacob Wilson,2026,4,April,Not yet employed,0,0
3077,Jacob Wilson,2026,5,May,Not yet employed,0,0
3077,Jacob Wilson,2026,6,June,Not yet employed,0,0
3077,Jacob Wilson,2026,7,July,Not yet employed,0,0
3077,Jacob Wilson,2026,8,August,Not yet employed,0,0
3077,Jacob Wilson,2026,9,September,Not yet employed,0,0
3077,Jacob Wilson,2026,10,October,Not yet employed,0,0
3077,Jacob Wilson,2026,11,November,Active,1,0
3077,Jacob Wilson,2026,12,December,Active,1,4
3105,Ethan Wood,2026,1,January,Active,0,0
3105,Ethan Wood,2026,2,February,Active,1,0
3105,Ethan Wood,2026,3,March,Active,0,0
3105,Ethan Wood,2026,4,April,Active,0,0
3105,Ethan Wood,2026,5,May,Active,0,3
3105,Ethan Wood,2026,6,June,Active,1,5
3105,Ethan Wood,2026,7,July,Active,0,12
3105,Ethan Wood,2026,8,August,Active,0,0
3105,Ethan Wood,2026,9,September,Active,0,0
3105,Ethan Wood,2026,10,October,Active,0,0
3105,Ethan Wood,2026,11,November,Active,0,0
3105,Ethan Wood,2026,12,December,Active,0,0
2810,Isla Cooper,2026,1,January,Not yet employed,0,0
2810,Isla Cooper,2026,2,February,Not yet employed,0,0
2810,Isla Cooper,2026,3,March,Not yet employed,0,0
2810,Isla Cooper,2026,4,April,Not yet employed,0,0
2810,Isla Cooper,2026,5,May,Not yet employed,0,0
2810,Isla Cooper,2026,6,June,Active,0,2
2810,Isla Cooper,2026,7,July,Active,0,0
2810,Isla Cooper,2026,8,August,Active,0,3
2810,Isla Cooper,2026,9,September,Active,0,1
2810,Isla Cooper,2026,10,October,Active,0,5
2810,Isla Cooper,2026,11,November,Active,0,0
2810,Isla Cooper,2026,12,December,Active,0,4
3609,Freya Wilson,2026,1,January,Active,0,0
3609,Freya Wilson,2026,2,February,Active,0,5
3609,Freya Wilson,2026,3,March,Active,2,0
3609,Freya Wilson,2026,4,April,Active,0,0
3609,Freya Wilson,2026,5,May,Active,0,0
3609,Freya Wilson,2026,6,June,Active,0,2
3609,Freya Wilson,2026,7,July,Active,0,2
3609,Freya Wilson,2026,8,August,Active,0,10
3609,Freya Wilson,2026,9,September,Active,0,0
3609,Freya Wilson,2026,10,October,Active,2,0
3609,Freya Wilson,2026,11,November,Active,0,0
3609,Freya Wilson,2026,12,December,Active,0,0
2052,Sienna Wood,2026,1,January,Active,0,0
2052,Sienna Wood,2026,2,February,Active,0,0
2052,Sienna Wood,2026,3,March,Active,0,0
2052,Sienna Wood,2026,4,April,Active,0,0
2052,Sienna Wood,2026,5,May,Active,0,5
2052,Sienna Wood,2026,6,June,Active,0,0
2052,Sienna Wood,2026,7,July,Active,0,10
2052,Sienna Wood,2026,8,August,Active,0,0
2052,Sienna Wood,2026,9,September,Active,0,2
2052,Sienna Wood,2026,10,October,Active,0,2
2052,Sienna Wood,2026,11,November,Active,0,0
2052,Sienna Wood,2026,12,December,Active,0,0
3123,Lucy Cooper,2026,1,January,Active,0,0
3123,Lucy Cooper,2026,2,February,Active,0,0
3123,Lucy Cooper,2026,3,March,Active,0,0
3123,Lucy Cooper,2026,4,April,Active,0,0
3123,Lucy Cooper,2026,5,May,Active,0,0
3123,Lucy Cooper,2026,6,June,Active,0,0
3123,Lucy Cooper,2026,7,July,Active,0,12
3123,Lucy Cooper,2026,8,August,Active,0,3
3123,Lucy Cooper,2026,9,September,Active,0,0
3123,Lucy Cooper,2026,10,October,Active,0,0
3123,Lucy Cooper,2026,11,November,Active,0,5
3123,Lucy Cooper,2026,12,December,Active,0,0
1117,Thomas Wilson,2026,1,January,Active,0,0
1117,Thomas Wilson,2026,2,February,Active,0,0
1117,Thomas Wilson,2026,3,March,Active,0,0
1117,Thomas Wilson,2026,4,April,Active,0,0
1117,Thomas Wilson,2026,5,May,Active,0,0
1117,Thomas Wilson,2026,6,June,Active,0,3
1117,Thomas Wilson,2026,7,July,Active,0,0
1117,Thomas Wilson,2026,8,August,Active,0,10
1117,Thomas Wilson,2026,9,September,Active,0,7
1117,Thomas Wilson,2026,10,October,Active,0,0
1117,Thomas Wilson,2026,11,November,Active,0,0
1117,Thomas Wilson,2026,12,December,Active,0,0
2345,Leo Wood,2026,1,January,Active,0,3
2345,Leo Wood,2026,2,February,Active,0,5
2345,Leo Wood,2026,3,March,Active,0,3
2345,Leo Wood,2026,4,April,Active,0,0
2345,Leo Wood,2026,5,May,Active,0,0
2345,Leo Wood,2026,6,June,Active,0,0
2345,Leo Wood,2026,7,July,Active,0,10
2345,Leo Wood,2026,8,August,Active,0,0
2345,Leo Wood,2026,9,September,Active,0,0
2345,Leo Wood,2026,10,October,Active,0,0
2345,Leo Wood,2026,11,November,Active,0,0
2345,Leo Wood,2026,12,December,Active,0,5
2754,Emily Cooper,2026,1,January,Active,0,5
2754,Emily Cooper,2026,2,February,Active,1,3
2754,Emily Cooper,2026,3,March,Active,0,0
2754,Emily Cooper,2026,4,April,Active,0,0
2754,Emily Cooper,2026,5,May,Active,0,0
2754,Emily Cooper,2026,6,June,Active,0,0
2754,Emily Cooper,2026,7,July,Active,0,10
2754,Emily Cooper,2026,8,August,Active,0,0
2754,Emily Cooper,2026,9,September,Active,0,2
2754,Emily Cooper,2026,10,October,Active,0,0
2754,Emily Cooper,2026,11,November,Active,0,0
2754,Emily Cooper,2026,12,December,Active,0,5
1416,Sophie Wilson,2026,1,January,Active,1,3
1416,Sophie Wilson,2026,2,February,Active,0,3
1416,Sophie Wilson,2026,3,March,Active,2,0
1416,Sophie Wilson,2026,4,April,Active,0,0
1416,Sophie Wilson,2026,5,May,Active,0,0
1416,Sophie Wilson,2026,6,June,Active,0,5
1416,Sophie Wilson,2026,7,July,Active,0,10
1416,Sophie Wilson,2026,8,August,Active,0,0
1416,Sophie Wilson,2026,9,September,Active,0,0
1416,Sophie Wilson,2026,10,October,Active,0,0
1416,Sophie Wilson,2026,11,November,Active,0,5
1416,Sophie Wilson,2026,12,December,Active,0,0
3245,Chloe Wood,2026,1,January,Active,0,0
3245,Chloe Wood,2026,2,February,Active,0,2
3245,Chloe Wood,2026,3,March,Active,0,5
3245,Chloe Wood,2026,4,April,Active,0,0
3245,Chloe Wood,2026,5,May,Active,0,0
3245,Chloe Wood,2026,6,June,Active,0,0
3245,Chloe Wood,2026,7,July,Active,0,0
3245,Chloe Wood,2026,8,August,Active,1,10
3245,Chloe Wood,2026,9,September,Active,0,0
3245,Chloe Wood,2026,10,October,Active,0,0
3245,Chloe Wood,2026,11,November,Active,2,3
3245,Chloe Wood,2026,12,December,Active,0,0
1253,Alice Cooper,2026,1,January,Active,1,0
1253,Alice Cooper,2026,2,February,On leave,0,0
1253,Alice Cooper,2026,3,March,On leave,0,0
1253,Alice Cooper,2026,4,April,On leave,0,0
1253,Alice Cooper,2026,5,May,Active,0,2
1253,Alice Cooper,2026,6,June,Active,0,0
1253,Alice Cooper,2026,7,July,Active,0,12
1253,Alice Cooper,2026,8,August,Active,0,0
1253,Alice Cooper,2026,9,September,Active,0,0
1253,Alice Cooper,2026,10,October,Active,0,3
1253,Alice Cooper,2026,11,November,Active,0,0
1253,Alice Cooper,2026,12,December,Active,0,2
2402,Henry Wilson,2026,1,January,Active,0,0
2402,Henry Wilson,2026,2,February,Active,0,0
2402,Henry Wilson,2026,3,March,Active,0,5
2402,Henry Wilson,2026,4,April,Active,0,0
2402,Henry Wilson,2026,5,May,Active,0,0
2402,Henry Wilson,2026,6,June,Active,0,2
2402,Henry Wilson,2026,7,July,Active,0,0
2402,Henry Wilson,2026,8,August,Active,0,10
2402,Henry Wilson,2026,9,September,Active,0,0
2402,Henry Wilson,2026,10,October,Active,0,2
2402,Henry Wilson,2026,11,November,Active,0,0
2402,Henry Wilson,2026,12,December,Active,0,0
3672,Alfie Wood,2026,1,January,Active,0,0
3672,Alfie Wood,2026,2,February,Active,0,0
3672,Alfie Wood,2026,3,March,Active,0,0
3672,Alfie Wood,2026,4,April,Active,1,0
3672,Alfie Wood,2026,5,May,Active,0,0
3672,Alfie Wood,2026,6,June,Active,0,2
3672,Alfie Wood,2026,7,July,Active,0,5
3672,Alfie Wood,2026,8,August,Active,0,10
3672,Alfie Wood,2026,9,September,Active,2,0
3672,Alfie Wood,2026,10,October,Active,0,0
3672,Alfie Wood,2026,11,November,Active,0,2
3672,Alfie Wood,2026,12,December,Active,0,0
3189,Lucas Cooper,2026,1,January,Not yet employed,0,0
3189,Lucas Cooper,2026,2,February,Not yet employed,0,0
3189,Lucas Cooper,2026,3,March,Not yet employed,0,0
3189,Lucas Cooper,2026,4,April,Not yet employed,0,0
3189,Lucas Cooper,2026,5,May,Active,0,3
3189,Lucas Cooper,2026,6,June,Active,0,0
3189,Lucas Cooper,2026,7,July,Active,0,5
3189,Lucas Cooper,2026,8,August,Active,0,4
3189,Lucas Cooper,2026,9,September,Active,0,0
3189,Lucas Cooper,2026,10,October,Active,0,3
3189,Lucas Cooper,2026,11,November,Active,2,2
3189,Lucas Cooper,2026,12,December,Active,0,0
2747,Ava Wilson,2026,1,January,Active,0,5
2747,Ava Wilson,2026,2,February,Active,0,0
2747,Ava Wilson,2026,3,March,Active,0,0
2747,Ava Wilson,2026,4,April,Active,0,0
2747,Ava Wilson,2026,5,May,Active,0,5
2747,Ava Wilson,2026,6,June,Active,0,0
2747,Ava Wilson,2026,7,July,Active,0,10
2747,Ava Wilson,2026,8,August,Active,0,3
2747,Ava Wilson,2026,9,September,Active,0,3
2747,Ava Wilson,2026,10,October,Active,0,0
2747,Ava Wilson,2026,11,November,Active,0,0
2747,Ava Wilson,2026,12,December,Active,0,0
3366,Ella Wood,2026,1,January,Active,0,0
3366,Ella Wood,2026,2,February,Active,0,0
3366,Ella Wood,2026,3,March,Active,0,0
3366,Ella Wood,2026,4,April,Active,0,0
3366,Ella Wood,2026,5,May,Active,0,0
3366,Ella Wood,2026,6,June,Active,0,3
3366,Ella Wood,2026,7,July,Active,0,5
3366,Ella Wood,2026,8,August,Active,7,12
3366,Ella Wood,2026,9,September,Active,0,0
3366,Ella Wood,2026,10,October,Active,0,0
3366,Ella Wood,2026,11,November,Active,0,0
3366,Ella Wood,2026,12,December,Active,0,5
3219,Ruby Cooper,2026,1,January,Active,0,0
3219,Ruby Cooper,2026,2,February,Active,0,0
3219,Ruby Cooper,2026,3,March,Active,0,5
3219,Ruby Cooper,2026,4,April,Active,0,0
3219,Ruby Cooper,2026,5,May,Active,0,0
3219,Ruby Cooper,2026,6,June,Active,0,5
3219,Ruby Cooper,2026,7,July,Active,0,10
3219,Ruby Cooper,2026,8,August,Active,0,0
3219,Ruby Cooper,2026,9,September,Active,0,2
3219,Ruby Cooper,2026,10,October,Active,0,0
3219,Ruby Cooper,2026,11,November,Active,0,2
3219,Ruby Cooper,2026,12,December,Active,0,0
2918,James Wilson,2026,1,January,Active,0,0
2918,James Wilson,2026,2,February,Active,0,0
2918,James Wilson,2026,3,March,Active,0,3
2918,James Wilson,2026,4,April,Active,0,0
2918,James Wilson,2026,5,May,Active,0,2
2918,James Wilson,2026,6,June,Active,0,0
2918,James Wilson,2026,7,July,Active,0,10
2918,James Wilson,2026,8,August,Active,0,5
2918,James Wilson,2026,9,September,Active,0,0
2918,James Wilson,2026,10,October,Active,0,0
2918,James Wilson,2026,11,November,Active,0,0
2918,James Wilson,2026,12,December,Active,0,0
2061,Charlie Wood,2026,1,January,Active,0,0
2061,Charlie Wood,2026,2,February,Active,0,0
2061,Charlie Wood,2026,3,March,Active,0,0
2061,Charlie Wood,2026,4,April,Active,0,0
2061,Charlie Wood,2026,5,May,Active,0,0
2061,Charlie Wood,2026,6,June,Active,0,8
2061,Charlie Wood,2026,7,July,Active,0,0
2061,Charlie Wood,2026,8,August,Active,0,10
2061,Charlie Wood,2026,9,September,Active,0,0
2061,Charlie Wood,2026,10,October,Active,0,3
2061,Charlie Wood,2026,11,November,Active,0,0
2061,Charlie Wood,2026,12,December,Active,1,0
2089,Mason Cooper,2026,1,January,Active,0,2
2089,Mason Cooper,2026,2,February,Active,0,0
2089,Mason Cooper,2026,3,March,Active,0,5
2089,Mason Cooper,2026,4,April,Active,2,0
2089,Mason Cooper,2026,5,May,Active,0,0
2089,Mason Cooper,2026,6,June,Active,0,2
2089,Mason Cooper,2026,7,July,Active,0,10
2089,Mason Cooper,2026,8,August,Active,0,0
2089,Mason Cooper,2026,9,September,Active,0,0
2089,Mason Cooper,2026,10,October,Active,0,0
2089,Mason Cooper,2026,11,November,Active,0,0
2089,Mason Cooper,2026,12,December,Active,0,0
3617,Olivia Wilson,2026,1,January,Not yet employed,0,0
3617,Olivia Wilson,2026,2,February,Not yet employed,0,0
3617,Olivia Wilson,2026,3,March,Not yet employed,0,0
3617,Olivia Wilson,2026,4,April,Not yet employed,0,0
3617,Olivia Wilson,2026,5,May,Not yet employed,0,0
3617,Olivia Wilson,2026,6,June,Active,0,5
3617,Olivia Wilson,2026,7,July,Active,0,0
3617,Olivia Wilson,2026,8,August,Active,0,0
3617,Olivia Wilson,2026,9,September,Active,0,3
3617,Olivia Wilson,2026,10,October,Active,1,2
3617,Olivia Wilson,2026,11,November,Active,2,5
3617,Olivia Wilson,2026,12,December,Active,0,0
3134,Grace Wood,2026,1,January,Active,0,0
3134,Grace Wood,2026,2,February,Active,0,0
3134,Grace Wood,2026,3,March,Active,0,0
3134,Grace Wood,2026,4,April,Active,1,0
3134,Grace Wood,2026,5,May,Active,0,0
3134,Grace Wood,2026,6,June,Active,0,0
3134,Grace Wood,2026,7,July,Active,0,3
3134,Grace Wood,2026,8,August,Active,0,12
3134,Grace Wood,2026,9,September,Active,0,0
3134,Grace Wood,2026,10,October,Active,0,0
3134,Grace Wood,2026,11,November,Active,1,0
3134,Grace Wood,2026,12,December,Active,0,5
2715,Sophia Cooper,2026,1,January,Not yet employed,0,0
2715,Sophia Cooper,2026,2,February,Active,0,2
2715,Sophia Cooper,2026,3,March,Active,0,0
2715,Sophia Cooper,2026,4,April,Active,0,0
2715,Sophia Cooper,2026,5,May,Active,0,3
2715,Sophia Cooper,2026,6,June,Active,0,0
2715,Sophia Cooper,2026,7,July,Active,0,10
2715,Sophia Cooper,2026,8,August,Active,0,5
2715,Sophia Cooper,2026,9,September,Active,1,0
2715,Sophia Cooper,2026,10,October,Active,0,0
2715,Sophia Cooper,2026,11,November,Active,0,0
2715,Sophia Cooper,2026,12,December,Active,0,5
2667,Florence Wilson,2026,1,January,Active,0,0
2667,Florence Wilson,2026,2,February,Active,0,0
2667,Florence Wilson,2026,3,March,Active,0,3
2667,Florence Wilson,2026,4,April,Active,0,0
2667,Florence Wilson,2026,5,May,Active,0,0
2667,Florence Wilson,2026,6,June,Active,1,5
2667,Florence Wilson,2026,7,July,Active,0,10
2667,Florence Wilson,2026,8,August,Active,0,0
2667,Florence Wilson,2026,9,September,Active,0,0
2667,Florence Wilson,2026,10,October,Active,0,0
2667,Florence Wilson,2026,11,November,Active,0,0
2667,Florence Wilson,2026,12,December,Active,0,3
3429,George Wood,2026,1,January,Active,0,0
3429,George Wood,2026,2,February,Active,0,0
3429,George Wood,2026,3,March,Active,0,3
3429,George Wood,2026,4,April,Active,0,2
3429,George Wood,2026,5,May,Active,0,0
3429,George Wood,2026,6,June,Active,2,0
3429,George Wood,2026,7,July,Active,0,0
3429,George Wood,2026,8,August,Active,1,10
3429,George Wood,2026,9,September,Active,0,0
3429,George Wood,2026,10,October,Active,0,5
3429,George Wood,2026,11,November,Active,0,0
3429,George Wood,2026,12,December,Active,0,0
2702,Noah Cooper,2026,1,January,Active,0,0
2702,Noah Cooper,2026,2,February,Active,0,0
2702,Noah Cooper,2026,3,March,Active,0,2
2702,Noah Cooper,2026,4,April,Active,0,0
2702,Noah Cooper,2026,5,May,Active,2,0
2702,Noah Cooper,2026,6,June,Active,0,5
2702,Noah Cooper,2026,7,July,Active,0,10
2702,Noah Cooper,2026,8,August,Active,0,0
2702,Noah Cooper,2026,9,September,Active,0,0
2702,Noah Cooper,2026,10,October,Active,0,0
2702,Noah Cooper,2026,11,November,Active,0,2
2702,Noah Cooper,2026,12,December,Active,0,0
3529,Daniel Wilson,2026,1,January,Active,0,0
3529,Daniel Wilson,2026,2,February,Active,0,0
3529,Daniel Wilson,2026,3,March,Active,0,0
3529,Daniel Wilson,2026,4,April,Active,0,0
3529,Daniel Wilson,2026,5,May,Active,0,0
3529,Daniel Wilson,2026,6,June,Active,0,0
3529,Daniel Wilson,2026,7,July,Active,0,0
3529,Daniel Wilson,2026,8,August,Active,0,10
3529,Daniel Wilson,2026,9,September,Active,0,2
3529,Daniel Wilson,2026,10,October,Active,0,0
3529,Daniel Wilson,2026,11,November,Active,0,8
3529,Daniel Wilson,2026,12,December,Active,0,0
2586,Jessica Wood,2026,1,January,Active,0,0
2586,Jessica Wood,2026,2,February,Active,0,3
2586,Jessica Wood,2026,3,March,Active,0,0
2586,Jessica Wood,2026,4,April,Active,0,2
2586,Jessica Wood,2026,5,May,Active,0,0
2586,Jessica Wood,2026,6,June,Active,0,0
2586,Jessica Wood,2026,7,July,Active,0,0
2586,Jessica Wood,2026,8,August,Active,0,10
2586,Jessica Wood,2026,9,September,Active,0,5
2586,Jessica Wood,2026,10,October,Active,0,0
2586,Jessica Wood,2026,11,November,Active,0,0
2586,Jessica Wood,2026,12,December,Active,0,0
3554,Charlotte Cooper,2026,1,January,Active,0,0
3554,Charlotte Cooper,2026,2,February,Active,0,3
3554,Charlotte Cooper,2026,3,March,Active,0,0
3554,Charlotte Cooper,2026,4,April,Active,0,0
3554,Charlotte Cooper,2026,5,May,Active,0,5
3554,Charlotte Cooper,2026,6,June,Active,0,0
3554,Charlotte Cooper,2026,7,July,Active,0,5
3554,Charlotte Cooper,2026,8,August,Active,1,10
3554,Charlotte Cooper,2026,9,September,Active,0,2
3554,Charlotte Cooper,2026,10,October,Active,1,0
3554,Charlotte Cooper,2026,11,November,Active,0,0
3554,Charlotte Cooper,2026,12,December,Active,0,0
2655,Hannah Wilson,2026,1,January,Active,0,5
2655,Hannah Wilson,2026,2,February,Active,0,0
2655,Hannah Wilson,2026,3,March,Active,0,0
2655,Hannah Wilson,2026,4,April,Active,0,0
2655,Hannah Wilson,2026,5,May,Active,0,0
2655,Hannah Wilson,2026,6,June,Active,0,3
2655,Hannah Wilson,2026,7,July,Active,0,5
2655,Hannah Wilson,2026,8,August,Active,0,10
2655,Hannah Wilson,2026,9,September,Active,0,2
2655,Hannah Wilson,2026,10,October,Active,0,0
2655,Hannah Wilson,2026,11,November,Active,0,0
2655,Hannah Wilson,2026,12,December,Active,1,0
2671,Oliver Wood,2026,1,January,Active,0,5
2671,Oliver Wood,2026,2,February,Active,0,0
2671,Oliver Wood,2026,3,March,Active,0,0
2671,Oliver Wood,2026,4,April,Active,0,0
2671,Oliver Wood,2026,5,May,Active,0,0
2671,Oliver Wood,2026,6,June,Active,0,3
2671,Oliver Wood,2026,7,July,Active,0,5
2671,Oliver Wood,2026,8,August,Active,2,10
2671,Oliver Wood,2026,9,September,Active,0,0
2671,Oliver Wood,2026,10,October,Active,0,3
2671,Oliver Wood,2026,11,November,Active,0,0
2671,Oliver Wood,2026,12,December,Active,0,0
2580,Harry Cooper,2026,1,January,Active,0,5
2580,Harry Cooper,2026,2,February,Active,0,0
2580,Harry Cooper,2026,3,March,Active,0,0
2580,Harry Cooper,2026,4,April,Active,0,3
2580,Harry Cooper,2026,5,May,Active,0,2
2580,Harry Cooper,2026,6,June,Active,0,0
2580,Harry Cooper,2026,7,July,Active,0,0
2580,Harry Cooper,2026,8,August,Active,0,10
2580,Harry Cooper,2026,9,September,Active,0,0
2580,Harry Cooper,2026,10,October,Active,0,0
2580,Harry Cooper,2026,11,November,Active,0,0
2580,Harry Cooper,2026,12,December,Active,1,0
3495,Logan Wilson,2026,1,January,Not yet employed,0,0
3495,Logan Wilson,2026,2,February,Active,0,5
3495,Logan Wilson,2026,3,March,Active,0,0
3495,Logan Wilson,2026,4,April,Active,2,5
3495,Logan Wilson,2026,5,May,Active,0,0
3495,Logan Wilson,2026,6,June,Active,0,0
3495,Logan Wilson,2026,7,July,Active,0,2
3495,Logan Wilson,2026,8,August,Active,0,10
3495,Logan Wilson,2026,9,September,Active,0,0
3495,Logan Wilson,2026,10,October,Active,0,2
3495,Logan Wilson,2026,11,November,Active,0,0
3495,Logan Wilson,2026,12,December,Active,0,0
2585,Amelia Wood,2026,1,January,Active,2,2
2585,Amelia Wood,2026,2,February,Active,0,0
2585,Amelia Wood,2026,3,March,Active,0,0
2585,Amelia Wood,2026,4,April,Active,0,2
2585,Amelia Wood,2026,5,May,Active,0,5
2585,Amelia Wood,2026,6,June,Active,0,0
2585,Amelia Wood,2026,7,July,Active,0,0
2585,Amelia Wood,2026,8,August,Active,0,10
2585,Amelia Wood,2026,9,September,Active,0,0
2585,Amelia Wood,2026,10,October,Active,0,0
2585,Amelia Wood,2026,11,November,Active,0,5
2585,Amelia Wood,2026,12,December,Active,0,0
2734,Lily Cooper,2026,1,January,Active,0,0
2734,Lily Cooper,2026,2,February,Active,0,0
2734,Lily Cooper,2026,3,March,Active,0,3
2734,Lily Cooper,2026,4,April,Active,0,0
2734,Lily Cooper,2026,5,May,Active,0,0
2734,Lily Cooper,2026,6,June,Active,0,5
2734,Lily Cooper,2026,7,July,Active,0,0
2734,Lily Cooper,2026,8,August,Active,0,10
2734,Lily Cooper,2026,9,September,Active,0,5
2734,Lily Cooper,2026,10,October,Active,0,2
2734,Lily Cooper,2026,11,November,Active,0,0
2734,Lily Cooper,2026,12,December,Active,2,0
1376,Evie Wilson,2026,1,January,Active,0,0
1376,Evie Wilson,2026,2,February,Active,0,0
1376,Evie Wilson,2026,3,March,Active,0,0
1376,Evie Wilson,2026,4,April,Active,1,5
1376,Evie Wilson,2026,5,May,Active,0,2
1376,Evie Wilson,2026,6,June,Active,0,0
1376,Evie Wilson,2026,7,July,Active,0,10
1376,Evie Wilson,2026,8,August,Active,0,3
1376,Evie Wilson,2026,9,September,Active,0,0
1376,Evie Wilson,2026,10,October,Active,0,0
1376,Evie Wilson,2026,11,November,Active,2,0
1376,Evie Wilson,2026,12,December,Active,0,0
1939,Emma Wood,2026,1,January,Active,1,0
1939,Emma Wood,2026,2,February,Active,0,8
1939,Emma Wood,2026,3,March,Active,0,0
1939,Emma Wood,2026,4,April,Active,0,0
1939,Emma Wood,2026,5,May,Active,1,0
1939,Emma Wood,2026,6,June,Active,0,0
1939,Emma Wood,2026,7,July,Active,0,10
1939,Emma Wood,2026,8,August,Active,0,0
1939,Emma Wood,2026,9,September,Active,0,0
1939,Emma Wood,2026,10,October,Active,0,0
1939,Emma Wood,2026,11,November,Active,0,3
1939,Emma Wood,2026,12,December,Active,0,0
3826,Jack Cooper,2026,1,January,Not yet employed,0,0
3826,Jack Cooper,2026,2,February,Not yet employed,0,0
3826,Jack Cooper,2026,3,March,Not yet employed,0,0
3826,Jack Cooper,2026,4,April,Not yet employed,0,0
3826,Jack Cooper,2026,5,May,Not yet employed,0,0
3826,Jack Cooper,2026,6,June,Not yet employed,0,0
3826,Jack Cooper,2026,7,July,Not yet employed,0,0
3826,Jack Cooper,2026,8,August,Not yet employed,0,0
3826,Jack Cooper,2026,9,September,Active,0,0
3826,Jack Cooper,2026,10,October,Active,0,0
3826,Jack Cooper,2026,11,November,Active,0,8
3826,Jack Cooper,2026,12,December,Active,0,0
2355,Oscar Wilson,2026,1,January,Active,0,0
2355,Oscar Wilson,2026,2,February,Active,0,3
2355,Oscar Wilson,2026,3,March,Active,0,0
2355,Oscar Wilson,2026,4,April,Active,0,5
2355,Oscar Wilson,2026,5,May,Active,0,0
2355,Oscar Wilson,2026,6,June,Active,1,0
2355,Oscar Wilson,2026,7,July,Active,0,12
2355,Oscar Wilson,2026,8,August,Active,0,0
2355,Oscar Wilson,2026,9,September,Active,0,0
2355,Oscar Wilson,2026,10,October,Active,0,0
2355,Oscar Wilson,2026,11,November,Active,5,0
2355,Oscar Wilson,2026,12,December,Active,0,0
3906,Joseph Wood,2026,1,January,Active,1,0
3906,Joseph Wood,2026,2,February,Active,0,3
3906,Joseph Wood,2026,3,March,Active,0,0
3906,Joseph Wood,2026,4,April,Active,0,5
3906,Joseph Wood,2026,5,May,Active,0,0
3906,Joseph Wood,2026,6,June,Active,0,0
3906,Joseph Wood,2026,7,July,Active,0,13
3906,Joseph Wood,2026,8,August,Active,0,0
3906,Joseph Wood,2026,9,September,Active,0,5
3906,Joseph Wood,2026,10,October,Active,0,0
3906,Joseph Wood,2026,11,November,Active,0,0
3906,Joseph Wood,2026,12,December,Active,0,0
3894,Poppy Cooper,2026,1,January,Not yet employed,0,0
3894,Poppy Cooper,2026,2,February,Not yet employed,0,0
3894,Poppy Cooper,2026,3,March,Not yet employed,0,0
3894,Poppy Cooper,2026,4,April,Active,0,0
3894,Poppy Cooper,2026,5,May,Active,0,2
3894,Poppy Cooper,2026,6,June,Active,0,6
3894,Poppy Cooper,2026,7,July,Active,0,5
3894,Poppy Cooper,2026,8,August,Active,0,1
3894,Poppy Cooper,2026,9,September,Active,1,0
3894,Poppy Cooper,2026,10,October,Active,0,0
3894,Poppy Cooper,2026,11,November,Active,0,5
3894,Poppy Cooper,2026,12,December,Active,0,0
1721,Mia Wilson,2026,1,January,Active,0,0
1721,Mia Wilson,2026,2,February,Active,0,0
1721,Mia Wilson,2026,3,March,Active,0,0
1721,Mia Wilson,2026,4,April,Active,0,2
1721,Mia Wilson,2026,5,May,Active,0,0
1721,Mia Wilson,2026,6,June,Active,0,5
1721,Mia Wilson,2026,7,July,Active,0,0
1721,Mia Wilson,2026,8,August,Active,0,10
1721,Mia Wilson,2026,9,September,Active,0,2
1721,Mia Wilson,2026,10,October,Active,0,0
1721,Mia Wilson,2026,11,November,Active,0,5
1721,Mia Wilson,2026,12,December,Active,0,0
2495,Megan Wood,2026,1,January,Active,0,5
2495,Megan Wood,2026,2,February,Active,0,0
2495,Megan Wood,2026,3,March,Active,0,0
2495,Megan Wood,2026,4,April,Active,0,0
2495,Megan Wood,2026,5,May,Active,0,2
2495,Megan Wood,2026,6,June,Active,0,0
2495,Megan Wood,2026,7,July,Active,2,10
2495,Megan Wood,2026,8,August,Active,0,0
2495,Megan Wood,2026,9,September,Active,0,0
2495,Megan Wood,2026,10,October,Active,0,0
2495,Megan Wood,2026,11,November,Active,0,0
2495,Megan Wood,2026,12,December,Active,0,3
3915,William Cooper,2026,1,January,Not yet employed,0,0
3915,William Cooper,2026,2,February,Not yet employed,0,0
3915,William Cooper,2026,3,March,Not yet employed,0,0
3915,William Cooper,2026,4,April,Not yet employed,0,0
3915,William Cooper,2026,5,May,Not yet employed,0,0
3915,William Cooper,2026,6,June,Not yet employed,0,0
3915,William Cooper,2026,7,July,Not yet employed,0,0
3915,William Cooper,2026,8,August,Not yet employed,0,0
3915,William Cooper,2026,9,September,Active,2,1
3915,William Cooper,2026,10,October,Active,0,5
3915,William Cooper,2026,11,November,Active,0,0
3915,William Cooper,2026,12,December,Active,0,2
3944,Jacob Wilson,2026,1,January,Active,0,5
3944,Jacob Wilson,2026,2,February,Active,0,0
3944,Jacob Wilson,2026,3,March,Active,0,0
3944,Jacob Wilson,2026,4,April,Active,0,0
3944,Jacob Wilson,2026,5,May,Active,0,0
3944,Jacob Wilson,2026,6,June,Active,0,0
3944,Jacob Wilson,2026,7,July,Active,0,0
3944,Jacob Wilson,2026,8,August,Active,0,10
3944,Jacob Wilson,2026,9,September,Active,0,3
3944,Jacob Wilson,2026,10,October,Active,0,0
3944,Jacob Wilson,2026,11,November,Active,0,3
3944,Jacob Wilson,2026,12,December,Active,0,0
2516,Ethan Wood,2026,1,January,Active,0,0
2516,Ethan Wood,2026,2,February,Active,0,2
2516,Ethan Wood,2026,3,March,Active,0,5
2516,Ethan Wood,2026,4,April,Active,0,0
2516,Ethan Wood,2026,5,May,Active,0,0
2516,Ethan Wood,2026,6,June,Active,0,0
2516,Ethan Wood,2026,7,July,Active,0,10
2516,Ethan Wood,2026,8,August,Active,0,0
2516,Ethan Wood,2026,9,September,Active,0,0
2516,Ethan Wood,2026,10,October,Active,2,0
2516,Ethan Wood,2026,11,November,Active,0,3
2516,Ethan Wood,2026,12,December,Active,0,0
3840,Isla Cooper,2026,1,January,Not yet employed,0,0
3840,Isla Cooper,2026,2,February,Not yet employed,0,0
3840,Isla Cooper,2026,3,March,Not yet employed,0,0
3840,Isla Cooper,2026,4,April,Not yet employed,0,0
3840,Isla Cooper,2026,5,May,Not yet employed,0,0
3840,Isla Cooper,2026,6,June,Not yet employed,0,0
3840,Isla Cooper,2026,7,July,Not yet employed,0,0
3840,Isla Cooper,2026,8,August,Not yet employed,0,0
3840,Isla Cooper,2026,9,September,Not yet employed,0,0
3840,Isla Cooper,2026,10,October,Not yet employed,0,0
3840,Isla Cooper,2026,11,November,Active,0,4
3840,Isla Cooper,2026,12,December,Active,1,0
3820,Freya Wilson,2026,1,January,Active,0,0
3820,Freya Wilson,2026,2,February,Active,0,0
3820,Freya Wilson,2026,3,March,Active,0,3
3820,Freya Wilson,2026,4,April,Active,0,0
3820,Freya Wilson,2026,5,May,Active,0,0
3820,Freya Wilson,2026,6,June,Active,0,3
3820,Freya Wilson,2026,7,July,Active,0,10
3820,Freya Wilson,2026,8,August,Active,6,0
3820,Freya Wilson,2026,9,September,Active,0,5
3820,Freya Wilson,2026,10,October,Active,0,0
3820,Freya Wilson,2026,11,November,Active,0,0
3820,Freya Wilson,2026,12,December,Active,0,0
2227,Sienna Wood,2026,1,January,Active,0,0
2227,Sienna Wood,2026,2,February,Active,0,3
2227,Sienna Wood,2026,3,March,Active,0,0
2227,Sienna Wood,2026,4,April,Active,0,5
2227,Sienna Wood,2026,5,May,Active,0,0
2227,Sienna Wood,2026,6,June,Active,0,0
2227,Sienna Wood,2026,7,July,Active,0,5
2227,Sienna Wood,2026,8,August,Active,0,10
2227,Sienna Wood,2026,9,September,Active,0,3
2227,Sienna Wood,2026,10,October,Active,0,0
2227,Sienna Wood,2026,11,November,Active,2,0
2227,Sienna Wood,2026,12,December,Active,0,0
2572,Lucy Cooper,2026,1,January,Not yet employed,0,0
2572,Lucy Cooper,2026,2,February,Not yet employed,0,0
2572,Lucy Cooper,2026,3,March,Active,0,0
2572,Lucy Cooper,2026,4,April,Active,0,0
2572,Lucy Cooper,2026,5,May,Active,0,5
2572,Lucy Cooper,2026,6,June,Active,0,7
2572,Lucy Cooper,2026,7,July,Active,0,10
2572,Lucy Cooper,2026,8,August,Active,0,2
2572,Lucy Cooper,2026,9,September,Active,0,0
2572,Lucy Cooper,2026,10,October,Active,0,0
2572,Lucy Cooper,2026,11,November,Active,0,0
2572,Lucy Cooper,2026,12,December,Active,0,0
3890,Thomas Wilson,2026,1,January,Active,0,0
3890,Thomas Wilson,2026,2,February,Active,0,2
3890,Thomas Wilson,2026,3,March,Active,0,5
3890,Thomas Wilson,2026,4,April,Active,0,0
3890,Thomas Wilson,2026,5,May,Active,0,0
3890,Thomas Wilson,2026,6,June,Active,0,0
3890,Thomas Wilson,2026,7,July,Active,0,13
3890,Thomas Wilson,2026,8,August,Active,0,0
3890,Thomas Wilson,2026,9,September,Active,7,5
3890,Thomas Wilson,2026,10,October,Active,0,0
3890,Thomas Wilson,2026,11,November,Active,0,0
3890,Thomas Wilson,2026,12,December,Active,0,0
2274,Leo Wood,2026,1,January,Active,0,0
2274,Leo Wood,2026,2,February,Active,0,0
2274,Leo Wood,2026,3,March,Active,0,5
2274,Leo Wood,2026,4,April,Active,0,0
2274,Leo Wood,2026,5,May,Active,0,0
2274,Leo Wood,2026,6,June,Active,0,0
2274,Leo Wood,2026,7,July,Active,0,0
2274,Leo Wood,2026,8,August,Active,0,10
2274,Leo Wood,2026,9,September,Active,0,0
2274,Leo Wood,2026,10,October,Active,0,2
2274,Leo Wood,2026,11,November,Active,0,0
2274,Leo Wood,2026,12,December,Active,0,3
3817,Emily Cooper,2026,1,January,Active,0,5
3817,Emily Cooper,2026,2,February,Active,0,0
3817,Emily Cooper,2026,3,March,Active,0,0
3817,Emily Cooper,2026,4,April,Active,0,0
3817,Emily Cooper,2026,5,May,Active,0,2
3817,Emily Cooper,2026,6,June,Active,0,0
3817,Emily Cooper,2026,7,July,Active,0,10
3817,Emily Cooper,2026,8,August,Active,0,0
3817,Emily Cooper,2026,9,September,Active,2,0
3817,Emily Cooper,2026,10,October,Active,0,2
3817,Emily Cooper,2026,11,November,On leave,0,0
3817,Emily Cooper,2026,12,December,Active,2,0
2561,Sophie Wilson,2026,1,January,Active,0,0
2561,Sophie Wilson,2026,2,February,Active,0,0
2561,Sophie Wilson,2026,3,March,Active,0,5
2561,Sophie Wilson,2026,4,April,Active,0,0
2561,Sophie Wilson,2026,5,May,Active,1,0
2561,Sophie Wilson,2026,6,June,Active,2,0
2561,Sophie Wilson,2026,7,July,Active,0,10
2561,Sophie Wilson,2026,8,August,Active,0,7
2561,Sophie Wilson,2026,9,September,Active,0,2
2561,Sophie Wilson,2026,10,October,Active,0,0
2561,Sophie Wilson,2026,11,November,Active,0,0
2561,Sophie Wilson,2026,12,December,Active,0,0
2221,Chloe Wood,2026,1,January,Active,0,5
2221,Chloe Wood,2026,2,February,Active,0,0
2221,Chloe Wood,2026,3,March,Active,0,0
2221,Chloe Wood,2026,4,April,Active,0,0
2221,Chloe Wood,2026,5,May,Active,0,3
2221,Chloe Wood,2026,6,June,Active,0,2
2221,Chloe Wood,2026,7,July,Active,0,10
2221,Chloe Wood,2026,8,August,Active,0,0
2221,Chloe Wood,2026,9,September,On leave,0,0
2221,Chloe Wood,2026,10,October,Active,0,0
2221,Chloe Wood,2026,11,November,Active,0,0
2221,Chloe Wood,2026,12,December,Active,0,0
1651,Alice Cooper,2026,1,January,Active,0,0
1651,Alice Cooper,2026,2,February,Active,0,2
1651,Alice Cooper,2026,3,March,Active,0,0
1651,Alice Cooper,2026,4,April,Active,0,0
1651,Alice Cooper,2026,5,May,Active,0,0
1651,Alice Cooper,2026,6,June,Active,0,0
1651,Alice Cooper,2026,7,July,Active,0,0
1651,Alice Cooper,2026,8,August,Active,0,13
1651,Alice Cooper,2026,9,September,Active,0,0
1651,Alice Cooper,2026,10,October,Active,0,0
1651,Alice Cooper,2026,11,November,Active,0,0
1651,Alice Cooper,2026,12,December,Active,0,5
3995,Henry Wilson,2026,1,January,Active,0,2
3995,Henry Wilson,2026,2,February,Active,0,0
3995,Henry Wilson,2026,3,March,Active,0,0
3995,Henry Wilson,2026,4,April,Active,0,0
3995,Henry Wilson,2026,5,May,Active,0,0
3995,Henry Wilson,2026,6,June,Active,0,0
3995,Henry Wilson,2026,7,July,Active,0,10
3995,Henry Wilson,2026,8,August,Active,0,0
3995,Henry Wilson,2026,9,September,Active,0,0
3995,Henry Wilson,2026,10,October,Active,0,0
3995,Henry Wilson,2026,11,November,Active,0,5
3995,Henry Wilson,2026,12,December,Active,0,2
3463,Alfie Wood,2026,1,January,Active,0,2
3463,Alfie Wood,2026,2,February,Active,0,3
3463,Alfie Wood,2026,3,March,Active,0,0
3463,Alfie Wood,2026,4,April,Active,0,1
3463,Alfie Wood,2026,5,May,Active,0,5
3463,Alfie Wood,2026,6,June,Active,1,2
3463,Alfie Wood,2026,7,July,Active,0,0
3463,Alfie Wood,2026,8,August,Active,0,1
3463,Alfie Wood,2026,9,September,Active,1,5
3463,Alfie Wood,2026,10,October,Terminated,0,0
3463,Alfie Wood,2026,11,November,Terminated,0,0
3463,Alfie Wood,2026,12,December,Terminated,0,0
2245,Lucas Cooper,2026,1,January,Active,2,0
2245,Lucas Cooper,2026,2,February,Active,0,2
2245,Lucas Cooper,2026,3,March,Active,1,10
2245,Lucas Cooper,2026,4,April,Active,0,0
2245,Lucas Cooper,2026,5,May,Active,0,0
2245,Lucas Cooper,2026,6,June,Active,0,3
2245,Lucas Cooper,2026,7,July,Active,0,0
2245,Lucas Cooper,2026,8,August,Terminated,0,0
2245,Lucas Cooper,2026,9,September,Terminated,0,0
2245,Lucas Cooper,2026,10,October,Terminated,0,0
2245,Lucas Cooper,2026,11,November,Terminated,0,0
2245,Lucas Cooper,2026,12,December,Terminated,0,0
2553,Ava Wilson,2026,1,January,Active,0,0
2553,Ava Wilson,2026,2,February,Active,0,3
2553,Ava Wilson,2026,3,March,Active,0,0
2553,Ava Wilson,2026,4,April,Active,0,5
2553,Ava Wilson,2026,5,May,Active,0,0
2553,Ava Wilson,2026,6,June,Active,0,3
2553,Ava Wilson,2026,7,July,Active,0,10
2553,Ava Wilson,2026,8,August,Active,0,0
2553,Ava Wilson,2026,9,September,Active,0,0
2553,Ava Wilson,2026,10,October,Active,0,0
2553,Ava Wilson,2026,11,November,Active,0,0
2553,Ava Wilson,2026,12,December,Active,0,0
3856,Ella Wood,2026,1,January,Not yet employed,0,0
3856,Ella Wood,2026,2,February,Not yet employed,0,0
3856,Ella Wood,2026,3,March,Active,2,0
3856,Ella Wood,2026,4,April,Active,0,0
3856,Ella Wood,2026,5,May,Active,0,5
3856,Ella Wood,2026,6,June,Active,0,3
3856,Ella Wood,2026,7,July,Active,0,0
3856,Ella Wood,2026,8,August,Active,0,13
3856,Ella Wood,2026,9,September,Active,0,0
3856,Ella Wood,2026,10,October,Active,0,0
3856,Ella Wood,2026,11,November,Active,0,0
3856,Ella Wood,2026,12,December,Active,0,0
1002,Ruby Cooper,2026,1,January,Active,0,0
1002,Ruby Cooper,2026,2,February,Active,0,10
1002,Ruby Cooper,2026,3,March,Active,1,0
1002,Ruby Cooper,2026,4,April,Active,2,1
1002,Ruby Cooper,2026,5,May,Active,0,1
1002,Ruby Cooper,2026,6,June,Active,0,0
1002,Ruby Cooper,2026,7,July,Terminated,0,0
1002,Ruby Cooper,2026,8,August,Terminated,0,0
1002,Ruby Cooper,2026,9,September,Terminated,0,0
1002,Ruby Cooper,2026,10,October,Terminated,0,0
1002,Ruby Cooper,2026,11,November,Terminated,0,0
1002,Ruby Cooper,2026,12,December,Terminated,0,0
2499,James Wilson,2026,1,January,Active,0,1
2499,James Wilson,2026,2,February,Active,0,0
2499,James Wilson,2026,3,March,Active,0,0
2499,James Wilson,2026,4,April,Active,0,3
2499,James Wilson,2026,5,May,Active,0,0
2499,James Wilson,2026,6,June,Active,0,8
2499,James Wilson,2026,7,July,Terminated,0,0
2499,James Wilson,2026,8,August,Terminated,0,0
2499,James Wilson,2026,9,September,Terminated,0,0
2499,James Wilson,2026,10,October,Terminated,0,0
2499,James Wilson,2026,11,November,Terminated,0,0
2499,James Wilson,2026,12,December,Terminated,0,0
1052,Charlie Wood,2026,1,January,Active,1,5
1052,Charlie Wood,2026,2,February,Active,0,0
1052,Charlie Wood,2026,3,March,Active,0,0
1052,Charlie Wood,2026,4,April,Active,0,0
1052,Charlie Wood,2026,5,May,Active,0,0
1052,Charlie Wood,2026,6,June,Active,0,0
1052,Charlie Wood,2026,7,July,Active,0,2
1052,Charlie Wood,2026,8,August,Active,0,10
1052,Charlie Wood,2026,9,September,Active,0,5
1052,Charlie Wood,2026,10,October,Active,0,0
1052,Charlie Wood,2026,11,November,Active,0,3
1052,Charlie Wood,2026,12,December,Active,0,0
2492,Mason Cooper,2026,1,January,Active,0,2
2492,Mason Cooper,2026,2,February,Active,0,0
2492,Mason Cooper,2026,3,March,Active,0,0
2492,Mason Cooper,2026,4,April,Active,0,0
2492,Mason Cooper,2026,5,May,Active,0,0
2492,Mason Cooper,2026,6,June,Active,0,0
2492,Mason Cooper,2026,7,July,Active,0,13
2492,Mason Cooper,2026,8,August,Active,0,0
2492,Mason Cooper,2026,9,September,Active,0,0
2492,Mason Cooper,2026,10,October,Active,0,0
2492,Mason Cooper,2026,11,November,Active,0,5
2492,Mason Cooper,2026,12,December,Active,0,0
1085,Olivia Wilson,2026,1,January,Active,6,0
1085,Olivia Wilson,2026,2,February,Active,0,5
1085,Olivia Wilson,2026,3,March,Active,0,0
1085,Olivia Wilson,2026,4,April,Active,0,2
1085,Olivia Wilson,2026,5,May,Active,0,0
1085,Olivia Wilson,2026,6,June,Active,0,0
1085,Olivia Wilson,2026,7,July,Active,0,2
1085,Olivia Wilson,2026,8,August,Active,0,10
1085,Olivia Wilson,2026,9,September,Active,0,0
1085,Olivia Wilson,2026,10,October,Active,0,5
1085,Olivia Wilson,2026,11,November,Active,0,0
1085,Olivia Wilson,2026,12,December,Active,0,0
2530,Grace Wood,2026,1,January,Not yet employed,0,0
2530,Grace Wood,2026,2,February,Not yet employed,0,0
2530,Grace Wood,2026,3,March,Not yet employed,0,0
2530,Grace Wood,2026,4,April,Not yet employed,0,0
2530,Grace Wood,2026,5,May,Not yet employed,0,0
2530,Grace Wood,2026,6,June,Not yet employed,0,0
2530,Grace Wood,2026,7,July,Not yet employed,0,0
2530,Grace Wood,2026,8,August,Active,0,8
2530,Grace Wood,2026,9,September,Active,0,0
2530,Grace Wood,2026,10,October,Active,0,0
2530,Grace Wood,2026,11,November,Active,0,2
2530,Grace Wood,2026,12,December,Active,0,0
1331,Sophia Cooper,2026,1,January,Active,0,8
1331,Sophia Cooper,2026,2,February,Active,0,0
1331,Sophia Cooper,2026,3,March,Active,0,5
1331,Sophia Cooper,2026,4,April,Active,0,0
1331,Sophia Cooper,2026,5,May,Active,0,0
1331,Sophia Cooper,2026,6,June,Active,0,0
1331,Sophia Cooper,2026,7,July,Active,0,0
1331,Sophia Cooper,2026,8,August,Active,0,10
1331,Sophia Cooper,2026,9,September,Active,0,0
1331,Sophia Cooper,2026,10,October,Active,0,0
1331,Sophia Cooper,2026,11,November,Active,0,3
1331,Sophia Cooper,2026,12,December,Active,0,0
1375,Florence Wilson,2026,1,January,Active,0,0
1375,Florence Wilson,2026,2,February,Active,0,0
1375,Florence Wilson,2026,3,March,Active,0,0
1375,Florence Wilson,2026,4,April,Active,0,3
1375,Florence Wilson,2026,5,May,Active,0,0
1375,Florence Wilson,2026,6,June,Active,0,0
1375,Florence Wilson,2026,7,July,Active,0,10
1375,Florence Wilson,2026,8,August,Active,0,5
1375,Florence Wilson,2026,9,September,Active,2,3
1375,Florence Wilson,2026,10,October,Active,0,0
1375,Florence Wilson,2026,11,November,Active,0,0
1375,Florence Wilson,2026,12,December,Active,0,0
1358,George Wood,2026,1,January,Active,0,0
1358,George Wood,2026,2,February,Active,0,0
1358,George Wood,2026,3,March,Active,0,0
1358,George Wood,2026,4,April,Active,2,3
1358,George Wood,2026,5,May,Active,0,0
1358,George Wood,2026,6,June,Active,0,0
1358,George Wood,2026,7,July,Active,0,10
1358,George Wood,2026,8,August,Active,0,0
1358,George Wood,2026,9,September,Active,0,5
1358,George Wood,2026,10,October,Active,0,0
1358,George Wood,2026,11,November,Active,0,0
1358,George Wood,2026,12,December,Active,0,3
1383,Noah Cooper,2026,1,January,Active,0,5
1383,Noah Cooper,2026,2,February,Active,1,0
1383,Noah Cooper,2026,3,March,Active,0,3
1383,Noah Cooper,2026,4,April,Active,0,0
1383,Noah Cooper,2026,5,May,Active,0,0
1383,Noah Cooper,2026,6,June,Active,0,0
1383,Noah Cooper,2026,7,July,Active,0,0
1383,Noah Cooper,2026,8,August,Active,0,10
1383,Noah Cooper,2026,9,September,Active,0,3
1383,Noah Cooper,2026,10,October,Active,1,0
1383,Noah Cooper,2026,11,November,Active,0,0
1383,Noah Cooper,2026,12,December,Active,0,0
