Employee ID,Name,StartDate,StartYear,ExitDate,Title,BusinessUnit,DepartmentType,Division,EmployeeStatus,IsTerminated,TerminationType,TerminationReason,Regrettable,EmployeeType,EmployeeClassificationType,PayZone,Age,AgeBand,TenureYears,TenureBand,City,Performance Score,Current Employee Rating,Engagement Score,Satisfaction Score,Work-Life Balance Score,Training Program Name,Training Type,Training Outcome,Training Duration(Days),Training Cost,PhotoFile,MonthlySalary,Currency,Skills,Birthday,WorkAnniversary,ProdHoursMon,ProdHoursTue,ProdHoursWed,ProdHoursThu,ProdHoursFri,OfficePct,HomePct,HybridPct,ContractExpiry
2921,Henry Wilson,2018-09-22,2018,2021-09-20 01:58:50.956942584,Production Technician I,TNS,Production,Aerial,Terminated,1,Involuntary,Performance,,Full-Time,Part-Time,Zone B,39,35-44,4.94,4+ yrs,Bristol,Needs Improvement,2,5,3,2,Customer Service,External,Completed,1,732.94,face_02.jpg,3600,USD,Machine operation; Quality control; Lean / 5S; Safety (VCA),1987-07-11,2018-09-22,7.3,7.9,7.8,7.6,6.8,95,7,0,
3697,Alfie Wood,2020-06-28,2020,2022-09-24 11:15:37.224855504,Production Technician II,PYZ,Production,Field Operations,Terminated,1,Voluntary,Compensation,Regrettable,Full-Time,Part-Time,Zone A,22,<25,3.18,3-4 yrs,Birmingham,Needs Improvement,2,1,4,2,Technical Skills,Internal,Passed,2,1276.87,face_18.jpg,2950,USD,Machine operation; Quality control; Lean / Six Sigma; Safety (VCA); Maintenance,2004-08-25,2020-06-28,7.4,8.0,7.9,7.7,6.9,95,6,0,
2973,Lucas Cooper,2019-12-01,2019,2023-07-26 09:23:35.926982626,Production Technician I,SVG,Production,General - Con,Terminated,1,Voluntary,Career growth,,Part-Time,Part-Time,Zone C,41,35-44,3.75,3-4 yrs,London,Fully Meets,2,3,3,2,Technical Skills,Internal,Incomplete,5,1140.44,face_14.jpg,4650,USD,Machine operation; Quality control; Lean / 5S; Safety (VCA),1985-10-27,2019-12-01,6.7,7.3,7.1,7.0,6.3,91,3,6,
1314,Ava Wilson,2021-10-13,2021,2022-11-27 15:39:23.120366109,Production Technician I,WBL,Production,General - Con,Terminated,1,Involuntary,Attendance,,Contract,Full-Time,Zone C,27,25-34,1.88,1-2 yrs,London,PIP,2,2,3,3,Project Management,Internal,Failed,4,751.08,face_15.jpg,4550,USD,Machine operation; Quality control; Lean / 5S; Safety (VCA),1999-02-16,2021-10-13,7.2,7.8,7.7,7.5,6.8,89,4,7,2027-04-03
2400,Ella Wood,2018-11-03,2018,2021-09-14 12:37:46.255243463,Production Manager,WBL,Production,General - Sga,Terminated,1,Voluntary,Career growth,Regrettable,Contract,Part-Time,Zone A,45,45-54,4.83,4+ yrs,Glasgow,PIP,3,1,4,2,Communication Skills,External,Failed,4,524.95,face_01.jpg,4800,USD,Team leadership; Lean / Six Sigma; Production planning; Safety (VCA); KPI reporting,1981-05-19,2018-11-03,7.9,8.5,8.4,8.2,7.4,93,6,1,2027-07-20
3110,Ruby Cooper,2022-03-16,2022,2023-08-13 20:53:26.213032029,Production Technician I,SVG,Production,Wireline Construction,Terminated,1,Involuntary,Performance,,Contract,Full-Time,Zone C,37,35-44,1.46,1-2 yrs,Bristol,PIP,1,1,1,1,Technical Skills,External,Completed,3,1394.56,face_11.jpg,5100,USD,Machine operation; Quality control; Lean / 5S; Safety (VCA),1989-10-30,2022-03-16,6.7,7.3,7.1,7.0,6.3,92,2,6,2026-11-14
2036,James Wilson,2022-06-26,2022,2023-03-17 11:44:18.698776180,Production Technician I,SVG,Production,Aerial,Terminated,1,Voluntary,Career growth,Regrettable,Contract,Part-Time,Zone A,31,25-34,1.18,1-2 yrs,London,Needs Improvement,2,4,3,3,Communication Skills,Internal,Failed,3,407.3,face_17.jpg,2700,USD,Machine operation; Quality control; Lean / 5S; Safety (VCA),1995-06-20,2022-06-26,7.5,8.1,8.0,7.8,7.0,90,1,9,2026-10-04
3093,Charlie Wood,2019-06-29,2019,2021-01-19 08:09:01.988120226,Production Technician II,PYZ,Production,Splicing,Terminated,1,Involuntary,Performance,,Full-Time,Full-Time,Zone B,36,35-44,4.18,4+ yrs,Liverpool,Fully Meets,1,1,2,1,Communication Skills,Internal,Failed,5,476.01,face_14.jpg,4050,USD,Machine operation; Quality control; Lean / Six Sigma; Safety (VCA); Maintenance,1990-05-28,2019-06-29,6.9,7.5,7.3,7.2,6.5,88,3,9,
2031,Mason Cooper,2022-02-19,2022,2023-01-14 03:34:11.882649627,Production Technician I,WBL,Production,Project Management - Con,Terminated,1,Voluntary,Better opportunity,Regrettable,Full-Time,Full-Time,Zone C,42,35-44,1.53,1-2 yrs,Sheffield,Exceeds,3,4,3,3,Technical Skills,External,Failed,1,1672.97,face_12.jpg,4700,USD,Machine operation; Quality control; Lean / 5S; Safety (VCA),1984-11-12,2022-02-19,7.3,7.9,7.8,7.6,6.8,93,5,2,
3255,Olivia Wilson,2023-03-22,2023,2023-06-05 13:11:52.524488339,Production Technician I,CCDR,Production,Yard (Material Handling),Terminated,1,Voluntary,Relocation,Regrettable,Contract,Part-Time,Zone C,48,45-54,0.45,<1 yr,Newcastle,Needs Improvement,2,1,3,1,Leadership Development,External,Passed,3,1655.16,face_16.jpg,4650,USD,Machine operation; Quality control; Lean / 5S; Safety (VCA),1978-07-02,2023-03-22,7.0,7.6,7.4,7.3,6.6,94,3,3,2026-06-11
3087,Grace Wood,2023-07-03,2023,2023-09-01 00:00:00.000000000,Production Technician I,CCDR,Production,Project Management - Con,Terminated,1,Voluntary,Career growth,Regrettable,Contract,Part-Time,Zone B,40,35-44,0.16,<1 yr,Sheffield,PIP,3,4,5,2,Communication Skills,Internal,Passed,2,372.78,face_08.jpg,3500,USD,Machine operation; Quality control; Lean / 5S; Safety (VCA),1986-07-21,2023-07-03,7.0,7.6,7.4,7.3,6.6,92,1,7,2026-06-09
1599,Sophia Cooper,2022-05-18,2022,2022-11-08 10:07:50.553784698,Production Technician II,BPC,Production,Field Operations,Terminated,1,Involuntary,Attendance,,Full-Time,Full-Time,Zone C,33,25-34,1.29,1-2 yrs,Newcastle,Fully Meets,2,2,3,1,Leadership Development,External,Completed,2,1758.42,face_20.jpg,5450,USD,Machine operation; Quality control; Lean / Six Sigma; Safety (VCA); Maintenance,1993-12-30,2022-05-18,6.7,7.3,7.1,7.0,6.3,89,4,7,
3372,Florence Wilson,2023-01-14,2023,2023-06-03 21:24:13.322867561,Production Technician I,TNS,Production,Project Management - Con,Terminated,1,Voluntary,Better opportunity,Regrettable,Contract,Part-Time,Zone C,41,35-44,0.63,<1 yr,London,PIP,3,1,4,1,Technical Skills,External,Completed,4,1767.57,face_13.jpg,5000,USD,Machine operation; Quality control; Lean / 5S; Safety (VCA),1985-11-25,2023-01-14,7.9,8.5,8.4,8.2,7.4,88,1,11,2026-07-24
2106,George Wood,2019-04-14,2019,2021-12-15 09:52:34.286347421,Production Technician I,WBL,Production,Wireline Construction,Terminated,1,Voluntary,Relocation,Regrettable,Contract,Temporary,Zone C,25,25-34,4.38,4+ yrs,Birmingham,Needs Improvement,3,2,3,2,Customer Service,Internal,Failed,4,517.09,face_07.jpg,4900,USD,Machine operation; Quality control; Lean / 5S; Safety (VCA),2001-05-27,2019-04-14,6.9,7.5,7.3,7.2,6.5,93,4,3,2027-02-24
2026,Noah Cooper,2023-05-13,2023,2023-07-26 19:23:26.144197244,Production Technician I,SVG,Production,Field Operations,Terminated,1,Voluntary,Better opportunity,Regrettable,Contract,Full-Time,Zone A,22,<25,0.3,<1 yr,Liverpool,Needs Improvement,2,1,2,1,Project Management,External,Incomplete,3,1205.1,face_07.jpg,2750,USD,Machine operation; Quality control; Lean / 5S; Safety (VCA),2004-05-23,2023-05-13,7.3,7.9,7.8,7.6,6.8,90,9,1,2027-03-24
2195,Daniel Wilson,2023-06-02,2023,2023-08-26 03:12:54.500381147,Production Technician I,BPC,Production,Underground,Terminated,1,Voluntary,Career growth,Regrettable,Contract,Part-Time,Zone C,23,<25,0.25,<1 yr,Bristol,Exceeds,3,3,2,3,Project Management,External,Completed,3,1125.35,face_16.jpg,5000,USD,Machine operation; Quality control; Lean / 5S; Safety (VCA),2003-06-24,2023-06-02,7.2,7.8,7.7,7.5,6.8,87,3,10,2027-02-01
2022,Jessica Wood,2019-05-24,2019,2021-06-19 10:32:57.943475479,Production Technician II,BPC,Production,Wireless,Terminated,1,Involuntary,Restructuring,,Contract,Part-Time,Zone B,50,45-54,4.27,4+ yrs,Leeds,Fully Meets,1,2,3,1,Leadership Development,External,Failed,3,1129.27,face_03.jpg,4200,USD,Machine operation; Quality control; Lean / Six Sigma; Safety (VCA); Maintenance,1976-10-06,2019-05-24,6.9,7.5,7.3,7.2,6.5,90,7,3,2027-09-07
1815,Charlotte Cooper,2020-06-22,2020,,Production Technician I,BPC,Production,Project Management - Con,Active,0,,,,Contract,Part-Time,Zone A,30,25-34,3.19,3-4 yrs,Leeds,Fully Meets,4,3,5,4,Leadership Development,External,Failed,5,1550.93,face_16.jpg,2900,USD,Machine operation; Quality control; Lean / 5S; Safety (VCA),1996-11-06,2020-06-22,7.8,8.4,8.3,8.1,7.3,93,9,0,2026-09-13
1976,Hannah Wilson,2021-01-09,2021,,Production Technician I,EW,Production,Finance & Accounting,Active,0,,,,Full-Time,Full-Time,Zone C,57,55-64,2.64,2-3 yrs,Manchester,Fully Meets,4,5,5,3,Communication Skills,External,Passed,5,588.44,face_17.jpg,5100,USD,Machine operation; Quality control; Lean / 5S; Safety (VCA),1969-02-18,2021-01-09,7.8,8.4,8.3,8.1,7.3,93,5,2,
3063,Oliver Wood,2021-12-22,2021,,Production Technician I,CCDR,Production,Field Operations,Active,0,,,,Contract,Part-Time,Zone B,42,35-44,1.69,1-2 yrs,Manchester,Fully Meets,3,1,5,1,Project Management,External,Completed,3,961.35,face_04.jpg,3500,USD,Machine operation; Quality control; Lean / 5S; Safety (VCA),1984-03-31,2021-12-22,7.7,8.3,8.2,8.0,7.2,90,6,4,2026-10-31
1404,Harry Cooper,2018-11-01,2018,,Production Technician II,BPC,Production,Finance & Accounting,Active,0,,,,Contract,Part-Time,Zone B,30,25-34,4.83,4+ yrs,Liverpool,Fully Meets,3,4,5,4,Project Management,Internal,Passed,4,800.66,face_05.jpg,4150,USD,Machine operation; Quality control; Lean / Six Sigma; Safety (VCA); Maintenance,1996-12-01,2018-11-01,7.9,8.5,8.4,8.2,7.4,92,8,0,2027-10-24
1603,Logan Wilson,2023-04-27,2023,,Production Technician II,MSC,Production,General - Con,Active,0,,,,Part-Time,Part-Time,Zone B,34,25-34,0.35,<1 yr,Bristol,Fully Meets,3,4,5,3,Communication Skills,External,Completed,2,641.8,face_04.jpg,4100,USD,Machine operation; Quality control; Lean / Six Sigma; Safety (VCA); Maintenance,1992-09-05,2023-04-27,6.7,7.3,7.1,7.0,6.3,87,7,6,
2816,Amelia Wood,2022-07-25,2022,,Production Technician I,MSC,Production,General - Con,Active,0,,,,Full-Time,Temporary,Zone C,40,35-44,1.1,1-2 yrs,Liverpool,Fully Meets,3,1,3,3,Project Management,External,Passed,3,994.64,face_17.jpg,4950,USD,Machine operation; Quality control; Lean / 5S; Safety (VCA),1986-01-12,2022-07-25,7.1,7.7,7.5,7.4,6.7,86,1,13,
1471,Lily Cooper,2019-10-16,2019,,Production Technician II,CCDR,Production,Field Operations,Active,0,,,,Full-Time,Part-Time,Zone B,37,35-44,3.88,3-4 yrs,Manchester,Fully Meets,4,5,3,2,Technical Skills,Internal,Incomplete,3,859.1,face_12.jpg,3850,USD,Machine operation; Quality control; Lean / Six Sigma; Safety (VCA); Maintenance,1989-05-01,2019-10-16,7.7,8.3,8.2,8.0,7.2,85,5,10,
2008,Evie Wilson,2019-07-15,2019,,Production Technician I,BPC,Production,Field Operations,Active,0,,,,Part-Time,Temporary,Zone A,41,35-44,4.13,4+ yrs,Bristol,Needs Improvement,4,4,3,4,Project Management,External,Failed,2,813.61,face_09.jpg,2800,USD,Machine operation; Quality control; Lean / 5S; Safety (VCA),1985-04-09,2019-07-15,6.8,7.4,7.2,7.1,6.4,86,4,10,
2291,Emma Wood,2020-07-07,2020,,Director of Operations,NEL,Production,General - Con,Active,0,,,,Contract,Part-Time,Zone B,45,45-54,3.15,3-4 yrs,London,Exceeds,3,2,4,4,Project Management,Internal,Failed,5,1095.54,face_12.jpg,9350,USD,Operations management; Lean / Six Sigma; Stakeholder management; Budgeting; KPI reporting,1981-09-26,2020-07-07,7.2,7.8,7.7,7.5,6.8,87,8,5,2027-02-23
3007,Jack Cooper,2019-03-21,2019,,Production Technician II,PL,Production,General - Con,Active,0,,,,Part-Time,Full-Time,Zone A,35,35-44,4.45,4+ yrs,London,Fully Meets,4,3,4,3,Customer Service,External,Incomplete,5,804.08,face_08.jpg,3100,USD,Machine operation; Quality control; Lean / Six Sigma; Safety (VCA); Maintenance,1991-03-28,2019-03-21,7.1,7.7,7.5,7.4,6.7,95,2,3,
1440,Oscar Wilson,2023-08-04,2023,,Production Technician I,PL,Production,Field Operations,Active,0,,,,Part-Time,Temporary,Zone A,46,45-54,0.08,<1 yr,Bristol,Needs Improvement,3,3,4,4,Communication Skills,External,Incomplete,5,696.77,face_01.jpg,2750,USD,Machine operation; Quality control; Lean / 5S; Safety (VCA),1980-02-18,2023-08-04,7.5,8.1,8.0,7.8,7.0,86,7,7,
1963,Joseph Wood,2020-09-14,2020,,Production Technician I,CCDR,Production,General - Con,Active,0,,,,Contract,Full-Time,Zone B,37,35-44,2.96,2-3 yrs,Manchester,Fully Meets,2,3,5,3,Technical Skills,Internal,Incomplete,2,1046.91,face_04.jpg,3900,USD,Machine operation; Quality control; Lean / 5S; Safety (VCA),1989-11-15,2020-09-14,7.2,7.8,7.7,7.5,6.8,90,8,2,2026-10-02
2447,Poppy Cooper,2020-02-02,2020,,Production Manager,PL,Production,Engineers,Active,0,,,,Full-Time,Full-Time,Zone A,48,45-54,3.58,3-4 yrs,Newcastle,Exceeds,2,1,4,2,Technical Skills,Internal,Completed,1,1389.79,face_08.jpg,4750,USD,Team leadership; Lean / Six Sigma; Production planning; Safety (VCA); KPI reporting,1978-10-13,2020-02-02,7.0,7.6,7.4,7.3,6.6,94,5,1,
3328,Mia Wilson,2020-10-24,2020,,Production Technician I,NEL,Production,Engineers,Active,0,,,,Part-Time,Full-Time,Zone A,41,35-44,2.85,2-3 yrs,Birmingham,Exceeds,2,4,4,4,Technical Skills,Internal,Failed,1,1026.25,face_09.jpg,2750,USD,Machine operation; Quality control; Lean / 5S; Safety (VCA),1985-04-08,2020-10-24,7.2,7.8,7.7,7.5,6.8,85,2,13,
1282,Megan Wood,2021-04-10,2021,,Production Technician I,BPC,Production,Catv,Active,0,,,,Part-Time,Temporary,Zone A,31,25-34,2.39,2-3 yrs,Birmingham,Needs Improvement,1,1,5,2,Leadership Development,External,Failed,4,1385.75,face_03.jpg,2750,USD,Machine operation; Quality control; Lean / 5S; Safety (VCA),1995-01-05,2021-04-10,6.8,7.4,7.2,7.1,6.4,91,8,1,
3119,William Cooper,2021-01-10,2021,,Production Technician I,NEL,Production,General - Con,Active,0,,,,Part-Time,Part-Time,Zone C,57,55-64,2.64,2-3 yrs,Sheffield,Exceeds,2,1,3,2,Leadership Development,External,Incomplete,1,2136.27,face_20.jpg,4950,USD,Machine operation; Quality control; Lean / 5S; Safety (VCA),1969-07-05,2021-01-10,7.9,8.5,8.4,8.2,7.4,88,9,3,
3276,Jacob Wilson,2021-01-25,2021,,Production Technician I,CCDR,Production,Engineers,Active,0,,,,Contract,Temporary,Zone A,28,25-34,2.6,2-3 yrs,Edinburgh,Fully Meets,3,3,5,2,Project Management,External,Failed,3,1372.36,face_17.jpg,2900,USD,Machine operation; Quality control; Lean / 5S; Safety (VCA),1998-08-10,2021-01-25,7.3,7.9,7.8,7.6,6.8,89,8,3,2027-05-12
2122,Ethan Wood,2021-06-11,2021,,Production Technician I,BPC,Production,General - Con,Active,0,,,,Full-Time,Temporary,Zone C,47,45-54,2.22,2-3 yrs,Leeds,Fully Meets,3,2,3,2,Technical Skills,External,Completed,1,1288.46,face_03.jpg,4550,USD,Machine operation; Quality control; Lean / 5S; Safety (VCA),1979-09-14,2021-06-11,7.1,7.7,7.5,7.4,6.7,92,6,2,
3771,Isla Cooper,2021-01-24,2021,,Production Technician I,NEL,Production,General - Con,Active,0,,,,Part-Time,Temporary,Zone B,35,35-44,2.6,2-3 yrs,Bristol,Exceeds,3,2,3,1,Communication Skills,Internal,Incomplete,5,554.93,face_12.jpg,3600,USD,Machine operation; Quality control; Lean / 5S; Safety (VCA),1991-01-29,2021-01-24,7.1,7.7,7.5,7.4,6.7,93,5,2,
2931,Freya Wilson,2020-01-29,2020,,Production Technician I,MSC,Production,Field Operations,Active,0,,,,Full-Time,Temporary,Zone B,37,35-44,3.59,3-4 yrs,Birmingham,Fully Meets,3,4,5,4,Leadership Development,External,Completed,1,1754.08,face_12.jpg,3750,USD,Machine operation; Quality control; Lean / 5S; Safety (VCA),1989-02-02,2020-01-29,6.8,7.4,7.2,7.1,6.4,88,4,8,
2451,Sienna Wood,2020-09-08,2020,,Production Manager,WBL,Production,Splicing,Active,0,,,,Contract,Temporary,Zone A,29,25-34,2.98,2-3 yrs,Leeds,Fully Meets,4,3,5,2,Communication Skills,External,Completed,1,550.51,face_12.jpg,4750,USD,Team leadership; Lean / Six Sigma; Production planning; Safety (VCA); KPI reporting,1997-11-27,2020-09-08,7.8,8.4,8.3,8.1,7.3,93,7,0,2027-08-01
3308,Lucy Cooper,2022-06-10,2022,,Production Technician I,BPC,Production,General - Sga,Active,0,,,,Contract,Temporary,Zone C,42,35-44,1.23,1-2 yrs,Birmingham,Fully Meets,3,2,4,2,Project Management,Internal,Incomplete,4,1065.55,face_09.jpg,4750,USD,Machine operation; Quality control; Lean / 5S; Safety (VCA),1984-10-26,2022-06-10,7.1,7.7,7.5,7.4,6.7,93,3,4,2027-08-09
2196,Thomas Wilson,2022-11-14,2022,,Production Technician I,CCDR,Production,Underground,Active,0,,,,Full-Time,Full-Time,Zone A,38,35-44,0.8,<1 yr,Cardiff,Fully Meets,3,2,5,1,Technical Skills,External,Incomplete,2,1579.63,face_17.jpg,2750,USD,Machine operation; Quality control; Lean / 5S; Safety (VCA),1988-09-05,2022-11-14,7.9,8.5,8.4,8.2,7.4,87,7,6,
3784,Leo Wood,2022-08-14,2022,,Production Technician I,CCDR,Production,Splicing,Active,0,,,,Contract,Temporary,Zone A,37,35-44,1.05,1-2 yrs,Leeds,Fully Meets,3,2,4,3,Communication Skills,Internal,Completed,2,469.57,face_05.jpg,2850,USD,Machine operation; Quality control; Lean / 5S; Safety (VCA),1989-03-22,2022-08-14,7.1,7.7,7.5,7.4,6.7,90,1,9,2027-11-12
1442,Emily Cooper,2018-09-27,2018,,Production Technician I,CCDR,Production,Safety,Active,0,,,,Full-Time,Temporary,Zone A,36,35-44,4.93,4+ yrs,Nottingham,Fully Meets,1,2,4,1,Technical Skills,External,Failed,3,1494.19,face_03.jpg,2950,USD,Machine operation; Quality control; Lean / 5S; Safety (VCA),1990-08-03,2018-09-27,7.0,7.6,7.4,7.3,6.6,95,1,4,
2169,Sophie Wilson,2020-07-04,2020,,Production Technician II,MSC,Production,General - Con,Active,0,,,,Full-Time,Full-Time,Zone A,38,35-44,3.16,3-4 yrs,London,Fully Meets,3,5,5,3,Customer Service,External,Passed,1,746.42,face_10.jpg,3300,USD,Machine operation; Quality control; Lean / Six Sigma; Safety (VCA); Maintenance,1988-06-27,2020-07-04,7.1,7.7,7.5,7.4,6.7,92,7,1,
2160,Chloe Wood,2022-11-07,2022,,Production Technician I,SVG,Production,General - Con,Active,0,,,,Full-Time,Part-Time,Zone A,45,45-54,0.82,<1 yr,Birmingham,Fully Meets,3,2,4,2,Customer Service,Internal,Completed,5,603.51,face_01.jpg,2700,USD,Machine operation; Quality control; Lean / 5S; Safety (VCA),1981-11-09,2022-11-07,7.3,7.9,7.8,7.6,6.8,90,9,1,
1489,Alice Cooper,2020-12-01,2020,,Production Technician I,EW,Production,Fielders,Active,0,,,,Contract,Part-Time,Zone A,35,35-44,2.75,2-3 yrs,Manchester,Fully Meets,2,2,5,1,Leadership Development,External,Incomplete,5,1673.68,face_10.jpg,2950,USD,Machine operation; Quality control; Lean / 5S; Safety (VCA),1991-08-08,2020-12-01,6.8,7.4,7.2,7.1,6.4,89,8,3,2027-01-11
1518,Henry Wilson,2019-03-07,2019,,Production Technician II,BPC,Production,Fielders,Active,0,,,,Full-Time,Temporary,Zone B,30,25-34,4.49,4+ yrs,Birmingham,Needs Improvement,1,2,3,1,Customer Service,Internal,Incomplete,2,524.68,face_19.jpg,4200,USD,Machine operation; Quality control; Lean / Six Sigma; Safety (VCA); Maintenance,1996-11-17,2019-03-07,7.6,8.2,8.1,7.9,7.1,92,2,6,
1399,Alfie Wood,2023-06-15,2023,,Production Technician I,BPC,Production,General - Con,Active,0,,,,Part-Time,Full-Time,Zone C,31,25-34,0.21,<1 yr,Birmingham,Fully Meets,3,3,5,1,Customer Service,Internal,Incomplete,2,736.34,face_20.jpg,4850,USD,Machine operation; Quality control; Lean / 5S; Safety (VCA),1995-01-03,2023-06-15,7.3,7.9,7.8,7.6,6.8,89,6,5,
1132,Lucas Cooper,2021-05-15,2021,,Production Technician I,NEL,Production,Aerial,Active,0,,,,Contract,Full-Time,Zone B,43,35-44,2.3,2-3 yrs,London,Fully Meets,4,4,5,3,Communication Skills,Internal,Failed,4,283.86,face_13.jpg,3650,USD,Machine operation; Quality control; Lean / 5S; Safety (VCA),1983-03-16,2021-05-15,7.1,7.7,7.5,7.4,6.7,92,8,0,2027-06-10
1913,Ava Wilson,2022-11-19,2022,,Production Technician II,PYZ,Production,General - Con,Active,0,,,,Full-Time,Full-Time,Zone B,42,35-44,0.78,<1 yr,Sheffield,Fully Meets,2,1,4,1,Project Management,External,Passed,3,1015.07,face_14.jpg,4150,USD,Machine operation; Quality control; Lean / Six Sigma; Safety (VCA); Maintenance,1984-04-17,2022-11-19,7.7,8.3,8.2,8.0,7.2,85,8,7,
2961,Ella Wood,2022-10-19,2022,,Production Technician I,SVG,Production,Field Operations,Active,0,,,,Full-Time,Full-Time,Zone A,46,45-54,0.87,<1 yr,London,Fully Meets,2,3,5,3,Leadership Development,External,Failed,5,2203.46,face_02.jpg,2700,USD,Machine operation; Quality control; Lean / 5S; Safety (VCA),1980-01-26,2022-10-19,7.2,7.8,7.7,7.5,6.8,85,2,13,
1104,Ruby Cooper,2019-06-16,2019,,Production Technician I,PYZ,Production,General - Eng,Active,0,,,,Part-Time,Temporary,Zone C,42,35-44,4.21,4+ yrs,Manchester,Fully Meets,2,2,5,2,Communication Skills,Internal,Completed,4,314.58,face_05.jpg,4600,USD,Machine operation; Quality control; Lean / 5S; Safety (VCA),1984-05-16,2019-06-16,7.4,8.0,7.9,7.7,6.9,94,3,3,
2303,James Wilson,2019-10-26,2019,,Production Manager,NEL,Production,Field Operations,Active,0,,,,Contract,Temporary,Zone C,51,45-54,3.85,3-4 yrs,London,Fully Meets,5,5,5,5,Customer Service,External,Passed,2,559.88,face_04.jpg,7900,USD,Team leadership; Lean / Six Sigma; Production planning; Safety (VCA); KPI reporting,1975-09-20,2019-10-26,7.3,7.9,7.8,7.6,6.8,95,1,4,2027-04-14
2932,Charlie Wood,2021-08-19,2021,,Production Technician I,TNS,Production,Finance & Accounting,Active,0,,,,Part-Time,Full-Time,Zone A,32,25-34,2.03,2-3 yrs,Manchester,Fully Meets,3,4,5,3,Communication Skills,External,Incomplete,2,399.4,face_13.jpg,2800,USD,Machine operation; Quality control; Lean / 5S; Safety (VCA),1994-08-26,2021-08-19,6.9,7.5,7.3,7.2,6.5,93,8,0,
2464,Mason Cooper,2022-08-11,2022,,Production Manager,BPC,Production,Field Operations,Active,0,,,,Full-Time,Temporary,Zone B,26,25-34,1.06,1-2 yrs,Newcastle,Fully Meets,2,2,4,1,Leadership Development,External,Incomplete,1,1757.52,face_05.jpg,6200,USD,Team leadership; Lean / Six Sigma; Production planning; Safety (VCA); KPI reporting,2000-11-01,2022-08-11,7.2,7.8,7.7,7.5,6.8,86,7,7,
3020,Olivia Wilson,2023-07-25,2023,,Production Technician I,TNS,Production,General - Con,Active,0,,,,Part-Time,Part-Time,Zone C,52,45-54,0.1,<1 yr,Birmingham,Fully Meets,3,3,3,4,Project Management,External,Failed,2,977.8,face_01.jpg,5100,USD,Machine operation; Quality control; Lean / 5S; Safety (VCA),1974-01-19,2023-07-25,7.3,7.9,7.8,7.6,6.8,95,4,1,
3144,Grace Wood,2021-02-09,2021,,Production Technician I,EW,Production,Engineers,Active,0,,,,Contract,Part-Time,Zone C,42,35-44,2.56,2-3 yrs,London,Fully Meets,2,2,4,3,Communication Skills,Internal,Completed,3,299.65,face_05.jpg,4600,USD,Machine operation; Quality control; Lean / 5S; Safety (VCA),1984-06-12,2021-02-09,6.9,7.5,7.3,7.2,6.5,90,6,4,2027-05-21
3331,Sophia Cooper,2019-03-24,2019,,Production Technician I,CCDR,Production,Field Operations,Active,0,,,,Full-Time,Part-Time,Zone A,33,25-34,4.44,4+ yrs,Leeds,Fully Meets,3,3,4,2,Communication Skills,Internal,Failed,2,336.81,face_12.jpg,2800,USD,Machine operation; Quality control; Lean / 5S; Safety (VCA),1993-05-12,2019-03-24,7.5,8.1,8.0,7.8,7.0,88,7,5,
3114,Florence Wilson,2018-09-30,2018,,Production Technician II,PYZ,Production,Isp,Active,0,,,,Contract,Full-Time,Zone C,31,25-34,4.92,4+ yrs,London,Fully Meets,3,4,4,3,Technical Skills,Internal,Passed,5,765.56,face_15.jpg,5350,USD,Machine operation; Quality control; Lean / Six Sigma; Safety (VCA); Maintenance,1995-09-14,2018-09-30,7.6,8.2,8.1,7.9,7.1,89,7,4,2027-03-05
3585,George Wood,2021-12-22,2021,,Production Technician I,CCDR,Production,Yard (Material Handling),Active,0,,,,Full-Time,Full-Time,Zone A,40,35-44,1.69,1-2 yrs,Birmingham,Fully Meets,4,5,5,3,Communication Skills,Internal,Passed,4,442.52,face_06.jpg,2850,USD,Machine operation; Quality control; Lean / 5S; Safety (VCA),1986-08-19,2021-12-22,6.9,7.5,7.3,7.2,6.5,86,8,6,
2328,Noah Cooper,2019-03-18,2019,,Network Engineer,MSC,Production,General - Con,Active,0,,,,Full-Time,Part-Time,Zone B,39,35-44,4.46,4+ yrs,Bristol,Needs Improvement,4,2,5,2,Communication Skills,Internal,Incomplete,3,369.49,face_09.jpg,4950,USD,Cisco CCNA; TCP/IP; Firewalls; VPN; Routing & switching,1987-11-10,2019-03-18,7.8,8.4,8.3,8.1,7.3,91,5,4,
1879,Daniel Wilson,2018-11-25,2018,,Production Technician I,BPC,Production,Engineers,Active,0,,,,Part-Time,Temporary,Zone B,24,<25,4.77,4+ yrs,Cardiff,Fully Meets,4,4,4,5,Leadership Development,Internal,Passed,2,1172.14,face_20.jpg,3800,USD,Machine operation; Quality control; Lean / 5S; Safety (VCA),2002-04-21,2018-11-25,7.6,8.2,8.1,7.9,7.1,95,9,0,
3758,Jessica Wood,2022-11-16,2022,,Production Technician I,SVG,Production,Engineers,Active,0,,,,Contract,Temporary,Zone A,22,<25,0.79,<1 yr,Manchester,Fully Meets,3,3,5,4,Leadership Development,Internal,Failed,4,1434.36,face_19.jpg,2950,USD,Machine operation; Quality control; Lean / 5S; Safety (VCA),2004-10-03,2022-11-16,7.4,8.0,7.9,7.7,6.9,87,4,9,2026-10-13
2473,Charlotte Cooper,2021-03-27,2021,,Production Manager,MSC,Production,Corp Operations,Active,0,,,,Contract,Full-Time,Zone B,54,45-54,2.43,2-3 yrs,London,Exceeds,4,4,5,2,Leadership Development,Internal,Incomplete,5,1190.34,face_14.jpg,6150,USD,Team leadership; Lean / Six Sigma; Production planning; Safety (VCA); KPI reporting,1972-10-30,2021-03-27,7.0,7.6,7.4,7.3,6.6,95,3,2,2027-03-25
3669,Hannah Wilson,2020-03-28,2020,,Production Technician I,CCDR,Production,Finance & Accounting,Active,0,,,,Contract,Temporary,Zone A,46,45-54,3.43,3-4 yrs,Leeds,Exceeds,4,2,4,2,Project Management,Internal,Incomplete,1,925.71,face_10.jpg,2700,USD,Machine operation; Quality control; Lean / 5S; Safety (VCA),1980-03-12,2020-03-28,7.5,8.1,8.0,7.8,7.0,91,9,0,2026-07-24
1768,Oliver Wood,2022-10-13,2022,,Production Technician I,NEL,Production,Aerial,Active,0,,,,Contract,Temporary,Zone C,30,25-34,0.88,<1 yr,Newcastle,Fully Meets,4,3,4,2,Leadership Development,External,Incomplete,1,2162.11,face_09.jpg,4750,USD,Machine operation; Quality control; Lean / 5S; Safety (VCA),1996-05-05,2022-10-13,7.4,8.0,7.9,7.7,6.9,91,2,7,2026-07-12
3426,Harry Cooper,2022-04-27,2022,,Production Technician I,BPC,Production,Field Operations,Active,0,,,,Full-Time,Temporary,Zone B,31,25-34,1.35,1-2 yrs,Edinburgh,Fully Meets,2,2,5,1,Leadership Development,Internal,Failed,5,1214.41,face_07.jpg,3750,USD,Machine operation; Quality control; Lean / 5S; Safety (VCA),1995-11-25,2022-04-27,6.8,7.4,7.2,7.1,6.4,85,6,9,
1826,Logan Wilson,2021-01-31,2021,,Production Technician I,SVG,Production,Aerial,Active,0,,,,Part-Time,Temporary,Zone B,28,25-34,2.58,2-3 yrs,Liverpool,Fully Meets,2,1,5,2,Technical Skills,External,Failed,4,1232.63,face_07.jpg,3500,USD,Machine operation; Quality control; Lean / 5S; Safety (VCA),1998-12-03,2021-01-31,7.3,7.9,7.8,7.6,6.8,88,6,6,
1101,Amelia Wood,2021-03-10,2021,,Production Technician I,TNS,Production,Engineers,Active,0,,,,Full-Time,Part-Time,Zone A,29,25-34,2.48,2-3 yrs,Edinburgh,Fully Meets,2,3,3,1,Communication Skills,Internal,Completed,5,503.96,face_02.jpg,2900,USD,Machine operation; Quality control; Lean / 5S; Safety (VCA),1997-02-05,2021-03-10,7.4,8.0,7.9,7.7,6.9,91,1,8,
3337,Lily Cooper,2022-08-26,2022,,Production Technician I,WBL,Production,Engineers,Active,0,,,,Full-Time,Part-Time,Zone A,22,<25,1.02,1-2 yrs,London,Fully Meets,2,3,5,2,Customer Service,Internal,Completed,3,607.89,face_18.jpg,2750,USD,Machine operation; Quality control; Lean / 5S; Safety (VCA),2004-01-06,2022-08-26,6.7,7.3,7.1,7.0,6.3,86,2,12,
2000,Evie Wilson,2022-05-13,2022,,Production Technician I,PYZ,Production,General - Con,Active,0,,,,Full-Time,Part-Time,Zone A,41,35-44,1.3,1-2 yrs,Liverpool,Fully Meets,3,2,5,1,Technical Skills,Internal,Passed,3,1585.2,face_01.jpg,2750,USD,Machine operation; Quality control; Lean / 5S; Safety (VCA),1985-06-17,2022-05-13,7.1,7.7,7.5,7.4,6.7,92,6,2,
2773,Emma Wood,2022-12-28,2022,,Production Technician I,SVG,Production,Splicing,Active,0,,,,Full-Time,Full-Time,Zone B,30,25-34,0.68,<1 yr,Birmingham,PIP,2,1,3,1,Communication Skills,Internal,Failed,4,415.75,face_14.jpg,3600,USD,Machine operation; Quality control; Lean / 5S; Safety (VCA),1996-02-05,2022-12-28,7.8,8.4,8.3,8.1,7.3,94,5,1,
1189,Jack Cooper,2020-06-28,2020,,Production Technician II,NEL,Production,General - Eng,Active,0,,,,Contract,Full-Time,Zone C,30,25-34,3.18,3-4 yrs,Nottingham,Fully Meets,4,3,4,2,Communication Skills,External,Passed,1,466.18,face_10.jpg,5250,USD,Machine operation; Quality control; Lean / Six Sigma; Safety (VCA); Maintenance,1996-05-06,2020-06-28,6.7,7.3,7.1,7.0,6.3,95,1,4,2027-10-09
1415,Oscar Wilson,2020-08-22,2020,,Production Technician I,CCDR,Production,Field Operations,Active,0,,,,Part-Time,Part-Time,Zone A,35,35-44,3.03,3-4 yrs,London,Fully Meets,4,1,5,4,Customer Service,Internal,Passed,3,515.02,face_16.jpg,2850,USD,Machine operation; Quality control; Lean / 5S; Safety (VCA),1991-01-02,2020-08-22,7.6,8.2,8.1,7.9,7.1,85,4,11,
2369,Joseph Wood,2021-10-19,2021,,Network Engineer,SVG,Production,Field Operations,Active,0,,,,Part-Time,Full-Time,Zone B,22,<25,1.87,1-2 yrs,London,Needs Improvement,3,4,5,3,Leadership Development,External,Passed,5,1238.18,face_10.jpg,4950,USD,Cisco CCNA; TCP/IP; Firewalls; VPN; Routing & switching,2004-02-12,2021-10-19,6.9,7.5,7.3,7.2,6.5,85,4,11,
3397,Poppy Cooper,2022-11-05,2022,,Production Technician I,PYZ,Production,Field Operations,Active,0,,,,Part-Time,Part-Time,Zone A,44,35-44,0.82,<1 yr,Glasgow,Needs Improvement,3,3,3,3,Project Management,Internal,Failed,2,838.36,face_18.jpg,2950,USD,Machine operation; Quality control; Lean / 5S; Safety (VCA),1982-02-24,2022-11-05,7.0,7.6,7.4,7.3,6.6,85,3,12,
1156,Mia Wilson,2019-07-22,2019,,Production Technician I,PL,Production,Billable Consultants,Active,0,,,,Contract,Full-Time,Zone A,24,<25,4.11,4+ yrs,Nottingham,Fully Meets,4,3,4,3,Customer Service,Internal,Passed,5,482.23,face_17.jpg,2900,USD,Machine operation; Quality control; Lean / 5S; Safety (VCA),2002-08-29,2019-07-22,7.1,7.7,7.5,7.4,6.7,85,6,9,2027-07-30
1837,Megan Wood,2021-08-16,2021,,Production Technician II,NEL,Production,Project Management - Con,Active,0,,,,Part-Time,Full-Time,Zone B,32,25-34,2.04,2-3 yrs,Leeds,Fully Meets,3,1,4,2,Project Management,Internal,Failed,5,778.63,face_18.jpg,4150,USD,Machine operation; Quality control; Lean / Six Sigma; Safety (VCA); Maintenance,1994-08-07,2021-08-16,6.9,7.5,7.3,7.2,6.5,88,2,10,
1240,William Cooper,2020-03-19,2020,,Production Technician I,PYZ,Production,Isp,Active,0,,,,Contract,Temporary,Zone B,35,35-44,3.45,3-4 yrs,Glasgow,Fully Meets,3,4,5,3,Communication Skills,External,Incomplete,5,593.55,face_01.jpg,3850,USD,Machine operation; Quality control; Lean / 5S; Safety (VCA),1991-02-21,2020-03-19,7.7,8.3,8.2,8.0,7.2,91,3,6,2027-09-19
3077,Jacob Wilson,2022-09-17,2022,,Production Technician I,CCDR,Production,General - Con,Active,0,,,,Contract,Temporary,Zone A,39,35-44,0.96,<1 yr,Leeds,Fully Meets,2,1,5,2,Project Management,External,Failed,3,831.99,face_18.jpg,2800,USD,Machine operation; Quality control; Lean / 5S; Safety (VCA),1987-01-12,2022-09-17,7.2,7.8,7.7,7.5,6.8,89,8,3,2027-05-14
3105,Ethan Wood,2020-06-07,2020,,Production Technician I,WBL,Production,Fielders,Active,0,,,,Full-Time,Temporary,Zone B,22,<25,3.23,3-4 yrs,Edinburgh,Exceeds,4,4,5,4,Technical Skills,External,Incomplete,3,1275.32,face_06.jpg,3600,USD,Machine operation; Quality control; Lean / 5S; Safety (VCA),2004-12-21,2020-06-07,7.3,7.9,7.8,7.6,6.8,89,1,10,
2810,Isla Cooper,2022-11-17,2022,,Production Technician I,NEL,Production,Field Operations,Active,0,,,,Full-Time,Part-Time,Zone A,40,35-44,0.79,<1 yr,Manchester,Fully Meets,3,4,4,3,Technical Skills,Internal,Passed,3,1397.97,face_11.jpg,2800,USD,Machine operation; Quality control; Lean / 5S; Safety (VCA),1986-10-29,2022-11-17,7.0,7.6,7.4,7.3,6.6,89,1,10,
3609,Freya Wilson,2021-06-02,2021,,Production Technician I,TNS,Production,Shop (Fleet),Active,0,,,,Contract,Full-Time,Zone B,38,35-44,2.25,2-3 yrs,Liverpool,Needs Improvement,3,4,5,3,Customer Service,Internal,Passed,4,438.28,face_10.jpg,3650,USD,Machine operation; Quality control; Lean / 5S; Safety (VCA),1988-10-06,2021-06-02,7.4,8.0,7.9,7.7,6.9,89,2,9,2026-10-13
2052,Sienna Wood,2020-06-10,2020,,Production Technician I,SVG,Production,Field Operations,Active,0,,,,Part-Time,Part-Time,Zone B,41,35-44,3.23,3-4 yrs,Nottingham,Exceeds,2,1,4,1,Project Management,Internal,Passed,4,817.81,face_13.jpg,3750,USD,Machine operation; Quality control; Lean / 5S; Safety (VCA),1985-05-27,2020-06-10,7.8,8.4,8.3,8.1,7.3,90,8,2,
3123,Lucy Cooper,2021-07-12,2021,,Production Technician I,TNS,Production,Splicing,Active,0,,,,Full-Time,Part-Time,Zone C,39,35-44,2.14,2-3 yrs,Sheffield,Fully Meets,3,3,5,1,Communication Skills,External,Completed,4,547.15,face_04.jpg,4550,USD,Machine operation; Quality control; Lean / 5S; Safety (VCA),1987-07-12,2021-07-12,7.5,8.1,8.0,7.8,7.0,88,1,11,
1117,Thomas Wilson,2019-02-21,2019,,Production Technician I,TNS,Production,General - Con,Active,0,,,,Full-Time,Temporary,Zone C,35,35-44,4.53,4+ yrs,Bristol,Fully Meets,3,3,4,1,Communication Skills,Internal,Passed,4,531.02,face_18.jpg,5000,USD,Machine operation; Quality control; Lean / 5S; Safety (VCA),1991-08-22,2019-02-21,7.5,8.1,8.0,7.8,7.0,88,2,10,
2345,Leo Wood,2020-09-14,2020,,Production Manager,BPC,Production,Field Operations,Active,0,,,,Full-Time,Temporary,Zone B,44,35-44,2.96,2-3 yrs,Manchester,Needs Improvement,3,3,4,3,Project Management,External,Incomplete,3,1016.62,face_06.jpg,6750,USD,Team leadership; Lean / Six Sigma; Production planning; Safety (VCA); KPI reporting,1982-10-03,2020-09-14,7.3,7.9,7.8,7.6,6.8,88,7,5,
2754,Emily Cooper,2020-04-05,2020,,Production Technician I,SVG,Production,Engineers,Active,0,,,,Full-Time,Full-Time,Zone C,40,35-44,3.41,3-4 yrs,Manchester,Fully Meets,3,5,3,4,Project Management,Internal,Completed,1,936.82,face_15.jpg,4550,USD,Machine operation; Quality control; Lean / 5S; Safety (VCA),1986-02-03,2020-04-05,6.7,7.3,7.1,7.0,6.3,95,8,0,
1416,Sophie Wilson,2020-04-09,2020,,Production Technician I,EW,Production,Field Operations,Active,0,,,,Part-Time,Full-Time,Zone B,31,25-34,3.39,3-4 yrs,Nottingham,Fully Meets,3,3,4,5,Customer Service,External,Incomplete,2,930.68,face_17.jpg,3500,USD,Machine operation; Quality control; Lean / 5S; Safety (VCA),1995-04-27,2020-04-09,6.8,7.4,7.2,7.1,6.4,92,6,2,
3245,Chloe Wood,2019-06-07,2019,,Production Technician I,CCDR,Production,Field Operations,Active,0,,,,Full-Time,Full-Time,Zone A,24,<25,4.24,4+ yrs,Cardiff,Needs Improvement,4,2,3,3,Project Management,External,Passed,1,903.4,face_06.jpg,2700,USD,Machine operation; Quality control; Lean / 5S; Safety (VCA),2002-05-13,2019-06-07,7.7,8.3,8.2,8.0,7.2,90,2,8,
1253,Alice Cooper,2020-07-13,2020,,Production Manager,MSC,Production,Project Management - Con,Active,0,,,,Part-Time,Part-Time,Zone A,43,35-44,3.13,3-4 yrs,London,Exceeds,1,1,4,1,Customer Service,Internal,Incomplete,2,691.65,face_14.jpg,5250,USD,Team leadership; Lean / Six Sigma; Production planning; Safety (VCA); KPI reporting,1983-03-07,2020-07-13,7.0,7.6,7.4,7.3,6.6,95,6,0,
2402,Henry Wilson,2022-04-14,2022,,Production Manager,PL,Production,Shop (Fleet),Active,0,,,,Full-Time,Full-Time,Zone C,49,45-54,1.38,1-2 yrs,Leeds,Fully Meets,2,3,3,3,Communication Skills,External,Passed,1,743.23,face_03.jpg,8250,USD,Team leadership; Lean / Six Sigma; Production planning; Safety (VCA); KPI reporting,1977-02-22,2022-04-14,7.2,7.8,7.7,7.5,6.8,92,5,3,
3672,Alfie Wood,2019-01-14,2019,,Production Technician II,MSC,Production,General - Con,Active,0,,,,Part-Time,Full-Time,Zone A,35,35-44,4.63,4+ yrs,Sheffield,Fully Meets,4,2,3,1,Project Management,External,Incomplete,1,611.65,face_13.jpg,2950,USD,Machine operation; Quality control; Lean / Six Sigma; Safety (VCA); Maintenance,1991-09-10,2019-01-14,7.8,8.4,8.3,8.1,7.3,92,6,2,
3189,Lucas Cooper,2023-08-04,2023,,Production Technician I,TNS,Production,Project Management - Con,Active,0,,,,Full-Time,Temporary,Zone C,46,45-54,0.08,<1 yr,London,Fully Meets,3,3,5,4,Leadership Development,Internal,Passed,5,1310.63,face_10.jpg,4750,USD,Machine operation; Quality control; Lean / 5S; Safety (VCA),1980-08-14,2023-08-04,7.7,8.3,8.2,8.0,7.2,91,8,1,
2747,Ava Wilson,2018-08-18,2018,,Production Technician I,SVG,Production,General - Con,Active,0,,,,Part-Time,Part-Time,Zone B,32,25-34,5.04,4+ yrs,Liverpool,Exceeds,3,1,5,3,Technical Skills,External,Passed,2,1471.81,face_08.jpg,3750,USD,Machine operation; Quality control; Lean / 5S; Safety (VCA),1994-09-21,2018-08-18,7.2,7.8,7.7,7.5,6.8,95,2,3,
3366,Ella Wood,2019-01-20,2019,,Production Technician II,PL,Production,General - Con,Active,0,,,,Contract,Full-Time,Zone C,32,25-34,4.61,4+ yrs,Newcastle,Fully Meets,4,4,5,3,Project Management,External,Completed,1,1076.17,face_07.jpg,5150,USD,Machine operation; Quality control; Lean / Six Sigma; Safety (VCA); Maintenance,1994-08-13,2019-01-20,7.5,8.1,8.0,7.8,7.0,85,2,13,2027-03-04
3219,Ruby Cooper,2019-09-20,2019,,Production Technician II,PL,Production,Executive,Active,0,,,,Full-Time,Full-Time,Zone B,35,35-44,3.95,3-4 yrs,London,Needs Improvement,2,2,4,2,Communication Skills,External,Incomplete,2,432.76,face_20.jpg,4100,USD,Machine operation; Quality control; Lean / Six Sigma; Safety (VCA); Maintenance,1991-07-21,2019-09-20,7.5,8.1,8.0,7.8,7.0,93,1,6,
2918,James Wilson,2018-12-22,2018,,Production Technician I,SVG,Production,Field Operations,Active,0,,,,Part-Time,Full-Time,Zone B,25,25-34,4.69,4+ yrs,Glasgow,Fully Meets,2,1,4,2,Project Management,External,Incomplete,1,1328.36,face_19.jpg,3850,USD,Machine operation; Quality control; Lean / 5S; Safety (VCA),2001-12-05,2018-12-22,7.1,7.7,7.5,7.4,6.7,90,1,9,
2061,Charlie Wood,2018-12-12,2018,,Production Technician I,CCDR,Production,Engineers,Active,0,,,,Full-Time,Full-Time,Zone A,37,35-44,4.72,4+ yrs,London,Needs Improvement,2,2,3,2,Technical Skills,External,Failed,1,1240.59,face_02.jpg,2950,USD,Machine operation; Quality control; Lean / 5S; Safety (VCA),1989-11-24,2018-12-12,6.9,7.5,7.3,7.2,6.5,92,3,5,
2089,Mason Cooper,2018-12-29,2018,,Production Technician I,TNS,Production,Technology / It,Active,0,,,,Contract,Part-Time,Zone C,45,45-54,4.67,4+ yrs,Manchester,Fully Meets,3,3,4,1,Communication Skills,Internal,Incomplete,2,535.85,face_10.jpg,4850,USD,Machine operation; Quality control; Lean / 5S; Safety (VCA),1981-01-23,2018-12-29,7.6,8.2,8.1,7.9,7.1,86,6,8,2026-11-25
3617,Olivia Wilson,2023-02-01,2023,,Production Technician I,EW,Production,Wireline Construction,Active,0,,,,Full-Time,Full-Time,Zone C,29,25-34,0.58,<1 yr,Manchester,Fully Meets,2,1,5,3,Customer Service,Internal,Passed,5,730.7,face_18.jpg,4800,USD,Machine operation; Quality control; Lean / 5S; Safety (VCA),1997-08-31,2023-02-01,7.0,7.6,7.4,7.3,6.6,94,6,0,
3134,Grace Wood,2018-12-06,2018,,Production Technician II,TNS,Production,Fielders,Active,0,,,,Part-Time,Full-Time,Zone C,38,35-44,4.74,4+ yrs,Manchester,Fully Meets,3,5,5,4,Technical Skills,External,Incomplete,4,1526.72,face_15.jpg,5350,USD,Machine operation; Quality control; Lean / Six Sigma; Safety (VCA); Maintenance,1988-12-07,2018-12-06,6.9,7.5,7.3,7.2,6.5,85,1,14,
2715,Sophia Cooper,2023-02-01,2023,,Area Sales Manager,PL,Sales,Field Operations,Active,0,,,,Full-Time,Temporary,Zone B,28,25-34,0.58,<1 yr,Edinburgh,Fully Meets,3,4,5,3,Customer Service,External,Passed,5,795.89,face_16.jpg,6500,USD,Salesforce CRM; Negotiation; Account management; Forecasting; Pipeline management,1998-05-09,2023-02-01,7.5,8.1,8.0,7.8,7.0,45,24,31,
2667,Florence Wilson,2019-10-03,2019,,Administrative Assistant,BPC,Sales,Billable Consultants,Active,0,,,,Full-Time,Part-Time,Zone B,42,35-44,3.91,3-4 yrs,London,Fully Meets,4,3,5,4,Leadership Development,External,Incomplete,4,1210.96,face_08.jpg,3550,USD,MS Office; Scheduling; Minute-taking; Travel coordination,1984-09-01,2019-10-03,6.9,7.5,7.3,7.2,6.5,35,20,45,
3429,George Wood,2018-12-10,2018,,Area Sales Manager,PL,Sales,General - Sga,Active,0,,,,Full-Time,Part-Time,Zone B,45,45-54,4.73,4+ yrs,London,Fully Meets,4,3,5,4,Leadership Development,External,Incomplete,2,2115.47,face_10.jpg,6350,USD,Salesforce CRM; Negotiation; Account management; Forecasting; Pipeline management,1981-01-12,2018-12-10,7.7,8.3,8.2,8.0,7.2,36,17,47,
2702,Noah Cooper,2019-10-02,2019,,Area Sales Manager,BPC,Sales,Aerial,Active,0,,,,Contract,Full-Time,Zone B,43,35-44,3.92,3-4 yrs,Sheffield,Fully Meets,2,3,4,1,Communication Skills,Internal,Failed,1,563.13,face_03.jpg,6200,USD,Salesforce CRM; Negotiation; Account management; Forecasting; Pipeline management,1983-08-11,2019-10-02,7.4,8.0,7.9,7.7,6.9,36,21,43,2027-09-03
3529,Daniel Wilson,2020-01-03,2020,,Area Sales Manager,SVG,Sales,Field Operations,Active,0,,,,Part-Time,Full-Time,Zone C,42,35-44,3.66,3-4 yrs,Bristol,Fully Meets,2,3,5,1,Project Management,Internal,Completed,1,1211.44,face_10.jpg,8100,USD,Salesforce CRM; Negotiation; Account management; Forecasting; Pipeline management,1984-08-12,2020-01-03,6.8,7.4,7.2,7.1,6.4,39,17,44,
2586,Jessica Wood,2020-04-15,2020,,Area Sales Manager,CCDR,Sales,Field Operations,Active,0,,,,Full-Time,Temporary,Zone B,40,35-44,3.38,3-4 yrs,Birmingham,Exceeds,2,1,4,2,Customer Service,Internal,Passed,5,414.26,face_07.jpg,6450,USD,Salesforce CRM; Negotiation; Account management; Forecasting; Pipeline management,1986-10-23,2020-04-15,7.2,7.8,7.7,7.5,6.8,43,19,38,
3554,Charlotte Cooper,2019-03-31,2019,,Area Sales Manager,MSC,Sales,People Services,Active,0,,,,Part-Time,Temporary,Zone C,36,35-44,4.42,4+ yrs,London,Fully Meets,3,3,5,4,Project Management,Internal,Incomplete,4,854.88,face_15.jpg,8100,USD,Salesforce CRM; Negotiation; Account management; Forecasting; Pipeline management,1990-02-13,2019-03-31,7.7,8.3,8.2,8.0,7.2,42,21,37,
2655,Hannah Wilson,2022-08-02,2022,,Area Sales Manager,NEL,Sales,General - Con,Active,0,,,,Contract,Part-Time,Zone A,57,55-64,1.08,1-2 yrs,London,Fully Meets,3,4,4,3,Project Management,External,Completed,3,1087.57,face_16.jpg,4850,USD,Salesforce CRM; Negotiation; Account management; Forecasting; Pipeline management,1969-07-09,2022-08-02,7.9,8.5,8.4,8.2,7.4,42,22,36,2026-12-03
2671,Oliver Wood,2022-07-18,2022,,Area Sales Manager,WBL,Sales,Field Operations,Active,0,,,,Part-Time,Temporary,Zone C,45,45-54,1.12,1-2 yrs,Glasgow,Needs Improvement,3,4,5,4,Project Management,Internal,Incomplete,4,930.32,face_12.jpg,8350,USD,Salesforce CRM; Negotiation; Account management; Forecasting; Pipeline management,1981-07-16,2022-07-18,6.8,7.4,7.2,7.1,6.4,40,19,41,
2580,Harry Cooper,2020-04-29,2020,,Area Sales Manager,BPC,Sales,Finance & Accounting,Active,0,,,,Full-Time,Part-Time,Zone A,34,25-34,3.34,3-4 yrs,Bristol,Fully Meets,2,4,5,4,Communication Skills,Internal,Completed,1,481.35,face_01.jpg,4950,USD,Salesforce CRM; Negotiation; Account management; Forecasting; Pipeline management,1992-06-13,2020-04-29,7.1,7.7,7.5,7.4,6.7,45,21,34,
3495,Logan Wilson,2023-06-22,2023,,Area Sales Manager,TNS,Sales,Wireline Construction,Active,0,,,,Part-Time,Temporary,Zone B,49,45-54,0.19,<1 yr,London,Exceeds,4,2,5,4,Customer Service,External,Passed,1,728.23,face_16.jpg,6200,USD,Salesforce CRM; Negotiation; Account management; Forecasting; Pipeline management,1977-05-29,2023-06-22,7.4,8.0,7.9,7.7,6.9,40,19,41,
2585,Amelia Wood,2021-06-04,2021,,Area Sales Manager,PYZ,Sales,General - Con,Active,0,,,,Contract,Temporary,Zone A,52,45-54,2.24,2-3 yrs,Liverpool,Fully Meets,4,4,5,4,Customer Service,External,Passed,1,662.72,face_06.jpg,4850,USD,Salesforce CRM; Negotiation; Account management; Forecasting; Pipeline management,1974-09-03,2021-06-04,6.9,7.5,7.3,7.2,6.5,41,20,39,2027-01-31
2734,Lily Cooper,2020-12-02,2020,,Area Sales Manager,NEL,Sales,General - Con,Active,0,,,,Contract,Part-Time,Zone C,44,35-44,2.75,2-3 yrs,Sheffield,Fully Meets,3,3,5,3,Communication Skills,External,Completed,5,467.05,face_15.jpg,8350,USD,Salesforce CRM; Negotiation; Account management; Forecasting; Pipeline management,1982-06-17,2020-12-02,7.8,8.4,8.3,8.1,7.3,35,17,48,2027-11-02
1376,Evie Wilson,2019-12-03,2019,,Administrative Assistant,CCDR,Sales,Field Operations,Active,0,,,,Full-Time,Temporary,Zone B,46,45-54,3.75,3-4 yrs,Newcastle,Fully Meets,3,5,5,4,Customer Service,External,Passed,3,721.56,face_17.jpg,3600,USD,MS Office; Scheduling; Minute-taking; Travel coordination,1980-09-27,2019-12-03,7.4,8.0,7.9,7.7,6.9,35,22,43,
1939,Emma Wood,2019-06-06,2019,,Production Technician II,PYZ,Sales,Field Operations,Active,0,,,,Contract,Temporary,Zone C,37,35-44,4.24,4+ yrs,Sheffield,Fully Meets,3,2,5,4,Communication Skills,External,Passed,3,613.68,face_20.jpg,5400,USD,Machine operation; Quality control; Lean / Six Sigma; Safety (VCA); Maintenance,1989-04-09,2019-06-06,7.7,8.3,8.2,8.0,7.2,41,16,43,2026-06-06
3826,Jack Cooper,2023-04-26,2023,,IT Support,PL,IT/IS,Field Operations,Active,0,,,,Part-Time,Full-Time,Zone B,38,35-44,0.35,<1 yr,Newcastle,Fully Meets,5,5,4,5,Communication Skills,Internal,Failed,4,349.64,face_07.jpg,3550,USD,ITIL; Windows; Active Directory; Helpdesk; Troubleshooting,1988-10-09,2023-04-26,7.0,7.6,7.4,7.3,6.6,36,26,38,
2355,Oscar Wilson,2019-03-25,2019,,Data Analyst,WBL,IT/IS,Field Operations,Active,0,,,,Contract,Temporary,Zone C,39,35-44,4.44,4+ yrs,London,Fully Meets,4,4,4,3,Customer Service,External,Incomplete,3,807.5,face_16.jpg,6650,USD,SQL; Power BI; Python; Excel; Statistics,1987-03-09,2019-03-25,7.3,7.9,7.8,7.6,6.8,40,27,33,2026-07-24
3906,Joseph Wood,2020-08-25,2020,,IT Support,NEL,IT/IS,Wireline Construction,Active,0,,,,Contract,Temporary,Zone C,30,25-34,3.02,3-4 yrs,Birmingham,Fully Meets,3,3,5,2,Project Management,Internal,Passed,2,597.77,face_07.jpg,4700,USD,ITIL; Windows; Active Directory; Helpdesk; Troubleshooting,1996-04-28,2020-08-25,7.5,8.1,8.0,7.8,7.0,39,26,35,2027-07-03
3894,Poppy Cooper,2023-05-29,2023,,IT Support,MSC,IT/IS,Aerial,Active,0,,,,Full-Time,Full-Time,Zone A,34,25-34,0.26,<1 yr,Liverpool,Fully Meets,3,3,4,1,Leadership Development,External,Incomplete,4,1698.47,face_15.jpg,2700,USD,ITIL; Windows; Active Directory; Helpdesk; Troubleshooting,1992-07-11,2023-05-29,7.9,8.5,8.4,8.2,7.4,32,21,47,
1721,Mia Wilson,2019-09-22,2019,,Senior BI Developer,NEL,IT/IS,Finance & Accounting,Active,0,,,,Full-Time,Full-Time,Zone B,32,25-34,3.94,3-4 yrs,Bristol,Fully Meets,3,3,4,2,Project Management,External,Passed,2,994.88,face_02.jpg,5250,USD,SQL; Power BI; ETL; Data warehousing; DAX; Azure Data Factory,1994-03-13,2019-09-22,7.0,7.6,7.4,7.3,6.6,32,21,47,
2495,Megan Wood,2020-03-08,2020,,IT Director,NEL,IT/IS,Fielders,Active,0,,,,Contract,Part-Time,Zone B,35,35-44,3.48,3-4 yrs,Leeds,Exceeds,5,5,4,4,Project Management,Internal,Passed,3,976.51,face_16.jpg,9200,USD,IT strategy; ITIL; Team leadership; Budgeting; Vendor management; Cloud (Azure),1991-08-26,2020-03-08,7.6,8.2,8.1,7.9,7.1,34,29,37,2026-07-15
3915,William Cooper,2022-08-28,2022,,Network Engineer,TNS,IT/IS,Field Operations,Active,0,,,,Contract,Part-Time,Zone B,41,35-44,1.01,1-2 yrs,Leeds,Fully Meets,5,5,5,3,Leadership Development,External,Passed,2,2197.92,face_16.jpg,5000,USD,Cisco CCNA; TCP/IP; Firewalls; VPN; Routing & switching,1985-02-10,2022-08-28,7.9,8.5,8.4,8.2,7.4,40,28,32,2027-02-10
3944,Jacob Wilson,2020-12-21,2020,,Data Analyst,SVG,IT/IS,General - Sga,Active,0,,,,Full-Time,Full-Time,Zone A,37,35-44,2.69,2-3 yrs,Manchester,Fully Meets,5,5,5,5,Technical Skills,External,Passed,1,1402.28,face_05.jpg,3900,USD,SQL; Power BI; Python; Excel; Statistics,1989-04-27,2020-12-21,7.5,8.1,8.0,7.8,7.0,38,22,40,
2516,Ethan Wood,2022-02-18,2022,,Director of Operations,MSC,IT/IS,Field Operations,Active,0,,,,Full-Time,Temporary,Zone C,39,35-44,1.53,1-2 yrs,Manchester,Exceeds,2,2,4,3,Customer Service,Internal,Failed,1,457.22,face_17.jpg,12050,USD,Operations management; Lean / Six Sigma; Stakeholder management; Budgeting; KPI reporting,1987-01-03,2022-02-18,7.1,7.7,7.5,7.4,6.7,31,26,43,
3840,Isla Cooper,2023-04-01,2023,,Sr. Network Engineer,BPC,IT/IS,Field Operations,Active,0,,,,Part-Time,Full-Time,Zone B,43,35-44,0.42,<1 yr,Liverpool,Fully Meets,3,5,4,3,Technical Skills,External,Passed,4,1563.29,face_01.jpg,5500,USD,Cisco CCNP; TCP/IP; Firewalls; VPN; Network security; Load balancing,1983-05-07,2023-04-01,7.3,7.9,7.8,7.6,6.8,33,23,44,
3820,Freya Wilson,2018-08-11,2018,,Network Engineer,EW,IT/IS,General - Con,Active,0,,,,Contract,Full-Time,Zone C,42,35-44,5.06,4+ yrs,Bristol,Exceeds,3,5,3,4,Project Management,External,Completed,2,1187.21,face_01.jpg,6650,USD,Cisco CCNA; TCP/IP; Firewalls; VPN; Routing & switching,1984-03-11,2018-08-11,7.9,8.5,8.4,8.2,7.4,31,28,41,2026-07-29
2227,Sienna Wood,2021-12-27,2021,,IT Support,EW,IT/IS,Aerial,Active,0,,,,Contract,Full-Time,Zone B,22,<25,1.68,1-2 yrs,Liverpool,PIP,3,3,5,5,Project Management,Internal,Completed,2,885.96,face_08.jpg,3400,USD,ITIL; Windows; Active Directory; Helpdesk; Troubleshooting,2004-01-10,2021-12-27,7.2,7.8,7.7,7.5,6.8,36,24,40,2027-06-04
2572,Lucy Cooper,2022-08-07,2022,,BI Developer,PYZ,IT/IS,Engineers,Active,0,,,,Contract,Temporary,Zone A,38,35-44,1.07,1-2 yrs,Manchester,Fully Meets,2,2,4,4,Technical Skills,Internal,Incomplete,5,695.87,face_13.jpg,3650,USD,SQL; Power BI; ETL; Data modelling; DAX,1988-01-07,2022-08-07,7.6,8.2,8.1,7.9,7.1,37,27,36,2026-07-24
3890,Thomas Wilson,2022-07-19,2022,,Network Engineer,WBL,IT/IS,General - Con,Active,0,,,,Full-Time,Temporary,Zone B,24,<25,1.12,1-2 yrs,Bristol,Fully Meets,2,3,5,3,Project Management,External,Incomplete,4,963.98,face_11.jpg,5250,USD,Cisco CCNA; TCP/IP; Firewalls; VPN; Routing & switching,2002-12-01,2022-07-19,7.5,8.1,8.0,7.8,7.0,39,29,32,
2274,Leo Wood,2020-02-18,2020,,IT Manager - Support,BPC,IT/IS,Aerial,Active,0,,,,Full-Time,Temporary,Zone A,32,25-34,3.53,3-4 yrs,London,Fully Meets,5,3,5,4,Customer Service,External,Passed,2,646.82,face_15.jpg,5150,USD,ITIL; Service desk; Team leadership; SLA management,1994-08-13,2020-02-18,7.6,8.2,8.1,7.9,7.1,36,25,39,
3817,Emily Cooper,2021-10-10,2021,,IT Support,CCDR,IT/IS,General - Con,Active,0,,,,Part-Time,Full-Time,Zone A,42,35-44,1.89,1-2 yrs,London,Fully Meets,2,3,5,3,Customer Service,Internal,Passed,4,381.19,face_18.jpg,2600,USD,ITIL; Windows; Active Directory; Helpdesk; Troubleshooting,1984-07-14,2021-10-10,7.5,8.1,8.0,7.8,7.0,35,25,40,
2561,Sophie Wilson,2021-07-15,2021,,IT Manager - DB,NEL,IT/IS,General - Con,Active,0,,,,Contract,Temporary,Zone B,46,45-54,2.13,2-3 yrs,Bristol,Fully Meets,3,4,4,3,Technical Skills,External,Passed,4,1028.5,face_02.jpg,6100,USD,SQL Server; ITIL; Team leadership; Project management; Cloud (Azure),1980-10-09,2021-07-15,6.9,7.5,7.3,7.2,6.5,36,27,37,2026-07-04
2221,Chloe Wood,2019-05-31,2019,,IT Support,MSC,IT/IS,Field Operations,Active,0,,,,Contract,Part-Time,Zone C,59,55-64,4.25,4+ yrs,Manchester,Fully Meets,1,2,5,1,Technical Skills,Internal,Incomplete,1,956.59,face_02.jpg,4750,USD,ITIL; Windows; Active Directory; Helpdesk; Troubleshooting,1967-05-28,2019-05-31,6.8,7.4,7.2,7.1,6.4,35,25,40,2027-03-04
1651,Alice Cooper,2019-10-05,2019,,BI Developer,PL,IT/IS,Aerial,Active,0,,,,Part-Time,Temporary,Zone A,39,35-44,3.91,3-4 yrs,Newcastle,Fully Meets,4,1,5,3,Customer Service,Internal,Failed,5,686.18,face_12.jpg,3750,USD,SQL; Power BI; ETL; Data modelling; DAX,1987-09-28,2019-10-05,7.1,7.7,7.5,7.4,6.7,36,23,41,
3995,Henry Wilson,2019-07-15,2019,,Database Administrator,NEL,IT/IS,Wireline Construction,Active,0,,,,Full-Time,Temporary,Zone A,22,<25,4.13,4+ yrs,Birmingham,Fully Meets,3,2,5,4,Project Management,External,Passed,3,1235.92,face_16.jpg,3900,USD,SQL Server; Oracle; Backup & recovery; Performance tuning; High availability,2004-11-07,2019-07-15,7.0,7.6,7.4,7.3,6.6,34,28,38,
3463,Alfie Wood,2020-04-30,2020,2023-06-12 21:19:39.021976606,Area Sales Manager,TNS,Sales,Field Operations,Terminated,1,Involuntary,Performance,,Part-Time,Temporary,Zone A,56,55-64,3.34,3-4 yrs,Birmingham,PIP,1,1,2,1,Technical Skills,Internal,Incomplete,4,1301.29,face_04.jpg,5250,USD,Salesforce CRM; Negotiation; Account management; Forecasting; Pipeline management,1970-01-26,2020-04-30,7.4,8.0,7.9,7.7,6.9,38,19,43,
2245,Lucas Cooper,2021-02-28,2021,2022-07-27 22:22:56.724265211,IT Manager - Infra,WBL,IT/IS,Engineers,Terminated,1,Involuntary,Restructuring,,Part-Time,Part-Time,Zone C,26,25-34,2.51,2-3 yrs,Sheffield,Fully Meets,1,1,3,1,Project Management,Internal,Passed,1,973.81,face_06.jpg,8800,USD,Infrastructure; ITIL; Team leadership; Cloud (Azure); Virtualization,2000-07-01,2021-02-28,7.2,7.8,7.7,7.5,6.8,33,27,40,
2553,Ava Wilson,2022-08-19,2022,2023-04-01 17:56:40.234936643,IT Manager - DB,NEL,IT/IS,Aerial,Terminated,1,Involuntary,Performance,,Contract,Part-Time,Zone B,33,25-34,1.03,1-2 yrs,Edinburgh,Needs Improvement,2,1,3,3,Project Management,External,Failed,2,1234.51,face_14.jpg,6100,USD,SQL Server; ITIL; Team leadership; Project management; Cloud (Azure),1993-08-21,2022-08-19,7.3,7.9,7.8,7.6,6.8,40,21,39,2027-03-31
3856,Ella Wood,2023-03-17,2023,,Network Engineer,TNS,Executive Office,Wireline Construction,Active,0,,,,Part-Time,Part-Time,Zone C,37,35-44,0.46,<1 yr,Leeds,Fully Meets,3,2,5,4,Technical Skills,External,Completed,4,1809.79,face_17.jpg,6750,USD,,1989-08-19,2023-03-17,7.9,8.5,8.4,8.2,7.4,57,10,33,
1002,Ruby Cooper,2022-12-12,2022,2023-05-08 20:09:54.666646516,Software Engineer,NEL,Software Engineering,Catv,Terminated,1,Voluntary,Work-life balance,Regrettable,Part-Time,Temporary,Zone A,34,25-34,0.72,<1 yr,Bristol,Fully Meets,3,1,2,1,Leadership Development,Internal,Passed,2,1200.48,face_03.jpg,3850,USD,Python; JavaScript; Git; Agile / Scrum; CI/CD; REST APIs,1992-05-25,2022-12-12,7.1,7.7,7.5,7.4,6.7,28,38,34,
2499,James Wilson,2023-04-08,2023,2023-06-07 00:00:00.000000000,Software Engineer,PL,Software Engineering,Project Management - Con,Terminated,1,Voluntary,Work-life balance,Regrettable,Contract,Full-Time,Zone B,43,35-44,0.4,<1 yr,Birmingham,Needs Improvement,3,3,2,1,Project Management,Internal,Incomplete,2,883.02,face_20.jpg,5200,USD,Python; JavaScript; Git; Agile / Scrum; CI/CD; REST APIs,1983-05-22,2023-04-08,6.8,7.4,7.2,7.1,6.4,24,35,41,2027-01-22
1052,Charlie Wood,2021-02-25,2021,,Shared Services Manager,WBL,Software Engineering,General - Con,Active,0,,,,Contract,Part-Time,Zone B,40,35-44,2.51,2-3 yrs,Leeds,Needs Improvement,4,4,4,3,Communication Skills,Internal,Completed,4,370.79,face_13.jpg,6600,USD,Service management; ITIL; Team leadership; Process improvement,1986-04-22,2021-02-25,6.7,7.3,7.1,7.0,6.3,27,38,35,2026-09-22
2492,Mason Cooper,2019-07-20,2019,,Software Engineer,CCDR,Software Engineering,General - Con,Active,0,,,,Full-Time,Temporary,Zone C,35,35-44,4.12,4+ yrs,Birmingham,Needs Improvement,2,3,3,2,Leadership Development,External,Failed,4,1381.1,face_13.jpg,6800,USD,Python; JavaScript; Git; Agile / Scrum; CI/CD; REST APIs,1991-03-02,2019-07-20,7.0,7.6,7.4,7.3,6.6,28,39,33,
1085,Olivia Wilson,2022-03-27,2022,,Software Engineer,PYZ,Software Engineering,General - Con,Active,0,,,,Contract,Full-Time,Zone B,26,25-34,1.43,1-2 yrs,Cardiff,Fully Meets,3,4,4,4,Customer Service,External,Completed,5,722.54,face_06.jpg,5200,USD,Python; JavaScript; Git; Agile / Scrum; CI/CD; REST APIs,2000-01-30,2022-03-27,7.2,7.8,7.7,7.5,6.8,29,36,35,2027-03-25
2530,Grace Wood,2022-10-20,2022,,Software Engineer,PL,Software Engineering,Yard (Material Handling),Active,0,,,,Part-Time,Temporary,Zone C,36,35-44,0.87,<1 yr,Leeds,Fully Meets,2,1,3,1,Technical Skills,External,Completed,4,1037.81,face_11.jpg,6100,USD,Python; JavaScript; Git; Agile / Scrum; CI/CD; REST APIs,1990-08-31,2022-10-20,7.3,7.9,7.8,7.6,6.8,21,38,41,
1331,Sophia Cooper,2021-08-11,2021,,Accountant I,TNS,Admin Offices,People Services,Active,0,,,,Full-Time,Temporary,Zone C,34,25-34,2.06,2-3 yrs,Nottingham,Fully Meets,4,1,3,1,Communication Skills,Internal,Completed,2,336.48,face_12.jpg,6350,USD,,1992-02-25,2021-08-11,7.4,8.0,7.9,7.7,6.9,74,11,15,
1375,Florence Wilson,2021-07-14,2021,,Sr. Accountant,PYZ,Admin Offices,Technology / It,Active,0,,,,Contract,Full-Time,Zone B,39,35-44,2.13,2-3 yrs,London,Fully Meets,5,4,5,5,Technical Skills,External,Failed,3,1203.58,face_16.jpg,5450,USD,,1987-11-23,2021-07-14,6.9,7.5,7.3,7.2,6.5,73,12,15,2026-10-22
1358,George Wood,2018-11-08,2018,,Accountant I,TNS,Admin Offices,Field Operations,Active,0,,,,Part-Time,Full-Time,Zone B,33,25-34,4.81,4+ yrs,Birmingham,Needs Improvement,3,3,3,3,Communication Skills,Internal,Passed,2,527.31,face_19.jpg,4900,USD,,1993-03-25,2018-11-08,6.9,7.5,7.3,7.2,6.5,70,9,21,
1383,Noah Cooper,2022-01-28,2022,,Sr. Accountant,BPC,Admin Offices,General - Con,Active,0,,,,Contract,Part-Time,Zone C,22,<25,1.59,1-2 yrs,Manchester,Fully Meets,3,1,4,4,Customer Service,Internal,Failed,3,490.43,face_04.jpg,7050,USD,,2004-12-14,2022-01-28,7.3,7.9,7.8,7.6,6.8,66,11,23,2026-07-24
