Medewerker ID,Naam,Startdatum,Startjaar,Einddatum,Functie,Bedrijfsonderdeel,Afdeling,Divisie,Status,Uit dienst,Type uitstroom,Reden uitstroom,Spijtig verloop,Dienstverband,Contractvorm,Salarisschaal,Leeftijd,Leeftijdsgroep,Dienstjaren,Dienstjarengroep,Plaats,Beoordeling,Huidige score,Betrokkenheid,Tevredenheid,Werk-privébalans,Opleiding,Opleidingstype,Resultaat,Duur (dagen),Kosten,Foto
2921,Finn Visser,2018-09-22,2018,2021-09-20 01:58:50.956942584,Productiemedewerker I,TNS,Productie,Bovengronds,Uit dienst,1,Onvrijwillig,Functioneren,,Voltijd,Deeltijd,Schaal B,39,35-44,4.94,4+ jr,Den Haag,Moet verbeteren,2,5,3,2,Klantenservice,Extern,Afgerond,1,732.94,face_02.jpg
3697,Thijs de Wit,2020-06-28,2020,2022-09-24 11:15:37.224855504,Productiemedewerker II,PYZ,Productie,Buitendienst,Uit dienst,1,Vrijwillig,Beloning,Spijtig,Voltijd,Deeltijd,Schaal A,22,<25,3.18,3-4 jr,Nijmegen,Moet verbeteren,2,1,4,2,Technische vaardigheden,Intern,Geslaagd,2,1276.87,face_18.jpg
2973,Bas Koning,2019-12-01,2019,2023-07-26 09:23:35.926982626,Productiemedewerker I,SVG,Productie,Algemeen - Constructie,Uit dienst,1,Vrijwillig,Carrièregroei,,Deeltijd,Deeltijd,Schaal C,41,35-44,3.75,3-4 jr,Nijmegen,Voldoet volledig,2,3,3,2,Technische vaardigheden,Intern,Niet afgerond,5,1140.44,face_14.jpg
1314,Sophie Mulder,2021-10-13,2021,2022-11-27 15:39:23.120366109,Productiemedewerker I,WBL,Productie,Algemeen - Constructie,Uit dienst,1,Onvrijwillig,Verzuim,,Contract,Voltijd,Schaal C,27,25-34,1.88,1-2 jr,Almere,Verbetertraject,2,2,3,3,Projectmanagement,Intern,Gezakt,4,751.08,face_15.jpg
2400,Nora Kok,2018-11-03,2018,2021-09-14 12:37:46.255243463,Productiemanager,WBL,Productie,Algemeen - SGA,Uit dienst,1,Vrijwillig,Carrièregroei,Spijtig,Contract,Deeltijd,Schaal A,45,45-54,4.83,4+ jr,Rotterdam,Verbetertraject,3,1,4,2,Communicatievaardigheden,Extern,Gezakt,4,524.95,face_01.jpg
3110,Evi de Vries,2022-03-16,2022,2023-08-13 20:53:26.213032029,Productiemedewerker I,SVG,Productie,Bekabeling Aanleg,Uit dienst,1,Onvrijwillig,Functioneren,,Contract,Voltijd,Schaal C,37,35-44,1.46,1-2 jr,Groningen,Verbetertraject,1,1,1,1,Technische vaardigheden,Extern,Afgerond,3,1394.56,face_11.jpg
2036,Daan Peters,2022-06-26,2022,2023-03-17 11:44:18.698776180,Productiemedewerker I,SVG,Productie,Bovengronds,Uit dienst,1,Vrijwillig,Carrièregroei,Spijtig,Contract,Deeltijd,Schaal A,31,25-34,1.18,1-2 jr,Tilburg,Moet verbeteren,2,4,3,3,Communicatievaardigheden,Intern,Gezakt,3,407.3,face_17.jpg
3093,Jesse van Dijk,2019-06-29,2019,2021-01-19 08:09:01.988120226,Productiemedewerker II,PYZ,Productie,Laswerk,Uit dienst,1,Onvrijwillig,Functioneren,,Voltijd,Voltijd,Schaal B,36,35-44,4.18,4+ jr,Rotterdam,Voldoet volledig,1,1,2,1,Communicatievaardigheden,Intern,Gezakt,5,476.01,face_14.jpg
2031,Lars Bakker,2022-02-19,2022,2023-01-14 03:34:11.882649627,Productiemedewerker I,WBL,Productie,Projectmanagement - Constructie,Uit dienst,1,Vrijwillig,Betere kans elders,Spijtig,Voltijd,Voltijd,Schaal C,42,35-44,1.53,1-2 jr,Utrecht,Overtreft,3,4,3,3,Technische vaardigheden,Extern,Gezakt,1,1672.97,face_12.jpg
3255,Julia Brouwer,2023-03-22,2023,2023-06-05 13:11:52.524488339,Productiemedewerker I,CCDR,Productie,Magazijn (Materiaalbeheer),Uit dienst,1,Vrijwillig,Verhuizing,Spijtig,Contract,Deeltijd,Schaal C,48,45-54,0.45,<1 jr,Tilburg,Moet verbeteren,2,1,3,1,Leiderschapsontwikkeling,Extern,Geslaagd,3,1655.16,face_16.jpg
3087,Eva Verhoeven,2023-07-03,2023,2023-09-01 00:00:00.000000000,Productiemedewerker I,CCDR,Productie,Projectmanagement - Constructie,Uit dienst,1,Vrijwillig,Carrièregroei,Spijtig,Contract,Deeltijd,Schaal B,40,35-44,0.16,<1 jr,Amsterdam,Verbetertraject,3,4,5,2,Communicatievaardigheden,Intern,Geslaagd,2,372.78,face_08.jpg
1599,Maud de Boer,2022-05-18,2022,2022-11-08 10:07:50.553784698,Productiemedewerker II,BPC,Productie,Buitendienst,Uit dienst,1,Onvrijwillig,Verzuim,,Voltijd,Voltijd,Schaal C,33,25-34,1.29,1-2 jr,Breda,Voldoet volledig,2,2,3,1,Leiderschapsontwikkeling,Extern,Afgerond,2,1758.42,face_20.jpg
3372,Femke van der Meer,2023-01-14,2023,2023-06-03 21:24:13.322867561,Productiemedewerker I,TNS,Productie,Projectmanagement - Constructie,Uit dienst,1,Vrijwillig,Betere kans elders,Spijtig,Contract,Deeltijd,Schaal C,41,35-44,0.63,<1 jr,Den Haag,Verbetertraject,3,1,4,1,Technische vaardigheden,Extern,Afgerond,4,1767.57,face_13.jpg
2106,Levi Peeters,2019-04-14,2019,2021-12-15 09:52:34.286347421,Productiemedewerker I,WBL,Productie,Bekabeling Aanleg,Uit dienst,1,Vrijwillig,Verhuizing,Spijtig,Contract,Tijdelijk,Schaal C,25,25-34,4.38,4+ jr,Amsterdam,Moet verbeteren,3,2,3,2,Klantenservice,Intern,Gezakt,4,517.09,face_07.jpg
2026,Cas Vos,2023-05-13,2023,2023-07-26 19:23:26.144197244,Productiemedewerker I,SVG,Productie,Buitendienst,Uit dienst,1,Vrijwillig,Betere kans elders,Spijtig,Contract,Voltijd,Schaal A,22,<25,0.3,<1 jr,Eindhoven,Moet verbeteren,2,1,2,1,Projectmanagement,Extern,Niet afgerond,3,1205.1,face_07.jpg
2195,Niels Kuipers,2023-06-02,2023,2023-08-26 03:12:54.500381147,Productiemedewerker I,BPC,Productie,Ondergronds,Uit dienst,1,Vrijwillig,Carrièregroei,Spijtig,Contract,Deeltijd,Schaal C,23,<25,0.25,<1 jr,Haarlem,Overtreft,3,3,2,3,Projectmanagement,Extern,Afgerond,3,1125.35,face_16.jpg
2022,Anna van den Berg,2019-05-24,2019,2021-06-19 10:32:57.943475479,Productiemedewerker II,BPC,Productie,Draadloos,Uit dienst,1,Onvrijwillig,Reorganisatie,,Contract,Deeltijd,Schaal B,50,45-54,4.27,4+ jr,Amsterdam,Voldoet volledig,1,2,3,1,Leiderschapsontwikkeling,Extern,Gezakt,3,1129.27,face_03.jpg
1815,Liv Dekker,2020-06-22,2020,,Productiemedewerker I,BPC,Productie,Projectmanagement - Constructie,Actief,0,,,,Contract,Deeltijd,Schaal A,30,25-34,3.19,3-4 jr,Amsterdam,Voldoet volledig,4,3,5,4,Leiderschapsontwikkeling,Extern,Gezakt,5,1550.93,face_16.jpg
1976,Loes Maas,2021-01-09,2021,,Productiemedewerker I,EW,Productie,Financiën & Administratie,Actief,0,,,,Voltijd,Voltijd,Schaal C,57,55-64,2.64,2-3 jr,Rotterdam,Voldoet volledig,4,5,5,3,Communicatievaardigheden,Extern,Geslaagd,5,588.44,face_17.jpg
3063,Sem Meijer,2021-12-22,2021,,Productiemedewerker I,CCDR,Productie,Buitendienst,Actief,0,,,,Contract,Deeltijd,Schaal B,42,35-44,1.69,1-2 jr,Rotterdam,Voldoet volledig,3,1,5,1,Projectmanagement,Extern,Afgerond,3,961.35,face_04.jpg
1404,Sven Smits,2018-11-01,2018,,Productiemedewerker II,BPC,Productie,Financiën & Administratie,Actief,0,,,,Contract,Deeltijd,Schaal B,30,25-34,4.83,4+ jr,Amsterdam,Voldoet volledig,3,4,5,4,Projectmanagement,Intern,Geslaagd,4,800.66,face_05.jpg
1603,Stijn Huisman,2023-04-27,2023,,Productiemedewerker II,MSC,Productie,Algemeen - Constructie,Actief,0,,,,Deeltijd,Deeltijd,Schaal B,34,25-34,0.35,<1 jr,Tilburg,Voldoet volledig,3,4,5,3,Communicatievaardigheden,Extern,Afgerond,2,641.8,face_04.jpg
2816,Mila Bos,2022-07-25,2022,,Productiemedewerker I,MSC,Productie,Algemeen - Constructie,Actief,0,,,,Voltijd,Tijdelijk,Schaal C,40,35-44,1.1,1-2 jr,Rotterdam,Voldoet volledig,3,1,3,3,Projectmanagement,Extern,Geslaagd,3,994.64,face_17.jpg
1471,Fenna Vermeulen,2019-10-16,2019,,Productiemedewerker II,CCDR,Productie,Buitendienst,Actief,0,,,,Voltijd,Deeltijd,Schaal B,37,35-44,3.88,3-4 jr,Amsterdam,Voldoet volledig,4,5,3,2,Technische vaardigheden,Intern,Niet afgerond,3,859.1,face_12.jpg
2008,Floor de Jong,2019-07-15,2019,,Productiemedewerker I,BPC,Productie,Buitendienst,Actief,0,,,,Deeltijd,Tijdelijk,Schaal A,41,35-44,4.13,4+ jr,Den Haag,Moet verbeteren,4,4,3,4,Projectmanagement,Extern,Gezakt,2,813.61,face_09.jpg
2291,Iris van Leeuwen,2020-07-07,2020,,Operationeel directeur,NEL,Productie,Algemeen - Constructie,Actief,0,,,,Contract,Deeltijd,Schaal B,45,45-54,3.15,3-4 jr,Rotterdam,Overtreft,3,2,4,4,Projectmanagement,Intern,Gezakt,5,1095.54,face_12.jpg
3007,Liam Willems,2019-03-21,2019,,Productiemedewerker II,PL,Productie,Algemeen - Constructie,Actief,0,,,,Deeltijd,Voltijd,Schaal A,35,35-44,4.45,4+ jr,Amsterdam,Voldoet volledig,4,3,4,3,Klantenservice,Extern,Niet afgerond,5,804.08,face_08.jpg
1440,Tim Smit,2023-08-04,2023,,Productiemedewerker I,PL,Productie,Buitendienst,Actief,0,,,,Deeltijd,Tijdelijk,Schaal A,46,45-54,0.08,<1 jr,Eindhoven,Moet verbeteren,3,3,4,4,Communicatievaardigheden,Extern,Niet afgerond,5,696.77,face_01.jpg
1963,Tom Dijkstra,2020-09-14,2020,,Productiemedewerker I,CCDR,Productie,Algemeen - Constructie,Actief,0,,,,Contract,Voltijd,Schaal B,37,35-44,2.96,2-3 jr,Rotterdam,Voldoet volledig,2,3,5,3,Technische vaardigheden,Intern,Niet afgerond,2,1046.91,face_04.jpg
2447,Lotte Prins,2020-02-02,2020,,Productiemanager,PL,Productie,Engineering,Actief,0,,,,Voltijd,Voltijd,Schaal A,48,45-54,3.58,3-4 jr,Den Haag,Overtreft,2,1,4,2,Technische vaardigheden,Intern,Afgerond,1,1389.79,face_08.jpg
3328,Roos de Groot,2020-10-24,2020,,Productiemedewerker I,NEL,Productie,Engineering,Actief,0,,,,Deeltijd,Voltijd,Schaal A,41,35-44,2.85,2-3 jr,Den Haag,Overtreft,2,4,4,4,Technische vaardigheden,Intern,Gezakt,1,1026.25,face_09.jpg
1282,Maaike Jacobs,2021-04-10,2021,,Productiemedewerker I,BPC,Productie,CATV,Actief,0,,,,Deeltijd,Tijdelijk,Schaal A,31,25-34,2.39,2-3 jr,Den Haag,Moet verbeteren,1,1,5,2,Leiderschapsontwikkeling,Extern,Gezakt,4,1385.75,face_03.jpg
3119,Lucas Jansen,2021-01-10,2021,,Productiemedewerker I,NEL,Productie,Algemeen - Constructie,Actief,0,,,,Deeltijd,Deeltijd,Schaal C,57,55-64,2.64,2-3 jr,Den Haag,Overtreft,2,1,3,2,Leiderschapsontwikkeling,Extern,Niet afgerond,1,2136.27,face_20.jpg
3276,Bram Hendriks,2021-01-25,2021,,Productiemedewerker I,CCDR,Productie,Engineering,Actief,0,,,,Contract,Tijdelijk,Schaal A,28,25-34,2.6,2-3 jr,Eindhoven,Voldoet volledig,3,3,5,2,Projectmanagement,Extern,Gezakt,3,1372.36,face_17.jpg
2122,Jasper Hofman,2021-06-11,2021,,Productiemedewerker I,BPC,Productie,Algemeen - Constructie,Actief,0,,,,Voltijd,Tijdelijk,Schaal C,47,45-54,2.22,2-3 jr,Eindhoven,Voldoet volledig,3,2,3,2,Technische vaardigheden,Extern,Afgerond,1,1288.46,face_03.jpg
3771,Tess Visser,2021-01-24,2021,,Productiemedewerker I,NEL,Productie,Algemeen - Constructie,Actief,0,,,,Deeltijd,Tijdelijk,Schaal B,35,35-44,2.6,2-3 jr,Haarlem,Overtreft,3,2,3,1,Communicatievaardigheden,Intern,Niet afgerond,5,554.93,face_12.jpg
2931,Saar de Wit,2020-01-29,2020,,Productiemedewerker I,MSC,Productie,Buitendienst,Actief,0,,,,Voltijd,Tijdelijk,Schaal B,37,35-44,3.59,3-4 jr,Almere,Voldoet volledig,3,4,5,4,Leiderschapsontwikkeling,Extern,Afgerond,1,1754.08,face_12.jpg
2451,Noor Koning,2020-09-08,2020,,Productiemanager,WBL,Productie,Laswerk,Actief,0,,,,Contract,Tijdelijk,Schaal A,29,25-34,2.98,2-3 jr,Utrecht,Voldoet volledig,4,3,5,2,Communicatievaardigheden,Extern,Afgerond,1,550.51,face_12.jpg
3308,Hanna Mulder,2022-06-10,2022,,Productiemedewerker I,BPC,Productie,Algemeen - SGA,Actief,0,,,,Contract,Tijdelijk,Schaal C,42,35-44,1.23,1-2 jr,Breda,Voldoet volledig,3,2,4,2,Projectmanagement,Intern,Niet afgerond,4,1065.55,face_09.jpg
2196,Noud Kok,2022-11-14,2022,,Productiemedewerker I,CCDR,Productie,Ondergronds,Actief,0,,,,Voltijd,Voltijd,Schaal A,38,35-44,0.8,<1 jr,Eindhoven,Voldoet volledig,3,2,5,1,Technische vaardigheden,Extern,Niet afgerond,2,1579.63,face_17.jpg
3784,Ruben de Vries,2022-08-14,2022,,Productiemedewerker I,CCDR,Productie,Laswerk,Actief,0,,,,Contract,Tijdelijk,Schaal A,37,35-44,1.05,1-2 jr,Groningen,Voldoet volledig,3,2,4,3,Communicatievaardigheden,Intern,Afgerond,2,469.57,face_05.jpg
1442,Emma Peters,2018-09-27,2018,,Productiemedewerker I,CCDR,Productie,Veiligheid,Actief,0,,,,Voltijd,Tijdelijk,Schaal A,36,35-44,4.93,4+ jr,Rotterdam,Voldoet volledig,1,2,4,1,Technische vaardigheden,Extern,Gezakt,3,1494.19,face_03.jpg
2169,Sara van Dijk,2020-07-04,2020,,Productiemedewerker II,MSC,Productie,Algemeen - Constructie,Actief,0,,,,Voltijd,Voltijd,Schaal A,38,35-44,3.16,3-4 jr,Amsterdam,Voldoet volledig,3,5,5,3,Klantenservice,Extern,Geslaagd,1,746.42,face_10.jpg
2160,Lieke Bakker,2022-11-07,2022,,Productiemedewerker I,SVG,Productie,Algemeen - Constructie,Actief,0,,,,Voltijd,Deeltijd,Schaal A,45,45-54,0.82,<1 jr,Amsterdam,Voldoet volledig,3,2,4,2,Klantenservice,Intern,Afgerond,5,603.51,face_01.jpg
1489,Sanne Brouwer,2020-12-01,2020,,Productiemedewerker I,EW,Productie,Buitendienstmedewerkers,Actief,0,,,,Contract,Deeltijd,Schaal A,35,35-44,2.75,2-3 jr,Den Haag,Voldoet volledig,2,2,5,1,Leiderschapsontwikkeling,Extern,Niet afgerond,5,1673.68,face_10.jpg
1518,Finn Verhoeven,2019-03-07,2019,,Productiemedewerker II,BPC,Productie,Buitendienstmedewerkers,Actief,0,,,,Voltijd,Tijdelijk,Schaal B,30,25-34,4.49,4+ jr,Nijmegen,Moet verbeteren,1,2,3,1,Klantenservice,Intern,Niet afgerond,2,524.68,face_19.jpg
1399,Thijs de Boer,2023-06-15,2023,,Productiemedewerker I,BPC,Productie,Algemeen - Constructie,Actief,0,,,,Deeltijd,Voltijd,Schaal C,31,25-34,0.21,<1 jr,Utrecht,Voldoet volledig,3,3,5,1,Klantenservice,Intern,Niet afgerond,2,736.34,face_20.jpg
1132,Bas van der Meer,2021-05-15,2021,,Productiemedewerker I,NEL,Productie,Bovengronds,Actief,0,,,,Contract,Voltijd,Schaal B,43,35-44,2.3,2-3 jr,Groningen,Voldoet volledig,4,4,5,3,Communicatievaardigheden,Intern,Gezakt,4,283.86,face_13.jpg
1913,Sophie Peeters,2022-11-19,2022,,Productiemedewerker II,PYZ,Productie,Algemeen - Constructie,Actief,0,,,,Voltijd,Voltijd,Schaal B,42,35-44,0.78,<1 jr,Arnhem,Voldoet volledig,2,1,4,1,Projectmanagement,Extern,Geslaagd,3,1015.07,face_14.jpg
2961,Nora Vos,2022-10-19,2022,,Productiemedewerker I,SVG,Productie,Buitendienst,Actief,0,,,,Voltijd,Voltijd,Schaal A,46,45-54,0.87,<1 jr,Tilburg,Voldoet volledig,2,3,5,3,Leiderschapsontwikkeling,Extern,Gezakt,5,2203.46,face_02.jpg
1104,Evi Kuipers,2019-06-16,2019,,Productiemedewerker I,PYZ,Productie,Algemeen - Engineering,Actief,0,,,,Deeltijd,Tijdelijk,Schaal C,42,35-44,4.21,4+ jr,Utrecht,Voldoet volledig,2,2,5,2,Communicatievaardigheden,Intern,Afgerond,4,314.58,face_05.jpg
2303,Daan van den Berg,2019-10-26,2019,,Productiemanager,NEL,Productie,Buitendienst,Actief,0,,,,Contract,Tijdelijk,Schaal C,51,45-54,3.85,3-4 jr,Tilburg,Voldoet volledig,5,5,5,5,Klantenservice,Extern,Geslaagd,2,559.88,face_04.jpg
2932,Jesse Dekker,2021-08-19,2021,,Productiemedewerker I,TNS,Productie,Financiën & Administratie,Actief,0,,,,Deeltijd,Voltijd,Schaal A,32,25-34,2.03,2-3 jr,Groningen,Voldoet volledig,3,4,5,3,Communicatievaardigheden,Extern,Niet afgerond,2,399.4,face_13.jpg
2464,Lars Maas,2022-08-11,2022,,Productiemanager,BPC,Productie,Buitendienst,Actief,0,,,,Voltijd,Tijdelijk,Schaal B,26,25-34,1.06,1-2 jr,Breda,Voldoet volledig,2,2,4,1,Leiderschapsontwikkeling,Extern,Niet afgerond,1,1757.52,face_05.jpg
3020,Julia Meijer,2023-07-25,2023,,Productiemedewerker I,TNS,Productie,Algemeen - Constructie,Actief,0,,,,Deeltijd,Deeltijd,Schaal C,52,45-54,0.1,<1 jr,Amsterdam,Voldoet volledig,3,3,3,4,Projectmanagement,Extern,Gezakt,2,977.8,face_01.jpg
3144,Eva Smits,2021-02-09,2021,,Productiemedewerker I,EW,Productie,Engineering,Actief,0,,,,Contract,Deeltijd,Schaal C,42,35-44,2.56,2-3 jr,Utrecht,Voldoet volledig,2,2,4,3,Communicatievaardigheden,Intern,Afgerond,3,299.65,face_05.jpg
3331,Maud Huisman,2019-03-24,2019,,Productiemedewerker I,CCDR,Productie,Buitendienst,Actief,0,,,,Voltijd,Deeltijd,Schaal A,33,25-34,4.44,4+ jr,Arnhem,Voldoet volledig,3,3,4,2,Communicatievaardigheden,Intern,Gezakt,2,336.81,face_12.jpg
3114,Femke Bos,2018-09-30,2018,,Productiemedewerker II,PYZ,Productie,ISP,Actief,0,,,,Contract,Voltijd,Schaal C,31,25-34,4.92,4+ jr,Amsterdam,Voldoet volledig,3,4,4,3,Technische vaardigheden,Intern,Geslaagd,5,765.56,face_15.jpg
3585,Levi Vermeulen,2021-12-22,2021,,Productiemedewerker I,CCDR,Productie,Magazijn (Materiaalbeheer),Actief,0,,,,Voltijd,Voltijd,Schaal A,40,35-44,1.69,1-2 jr,Rotterdam,Voldoet volledig,4,5,5,3,Communicatievaardigheden,Intern,Geslaagd,4,442.52,face_06.jpg
2328,Cas de Jong,2019-03-18,2019,,Netwerkbeheerder,MSC,Productie,Algemeen - Constructie,Actief,0,,,,Voltijd,Deeltijd,Schaal B,39,35-44,4.46,4+ jr,Amsterdam,Moet verbeteren,4,2,5,2,Communicatievaardigheden,Intern,Niet afgerond,3,369.49,face_09.jpg
1879,Niels van Leeuwen,2018-11-25,2018,,Productiemedewerker I,BPC,Productie,Engineering,Actief,0,,,,Deeltijd,Tijdelijk,Schaal B,24,<25,4.77,4+ jr,Arnhem,Voldoet volledig,4,4,4,5,Leiderschapsontwikkeling,Intern,Geslaagd,2,1172.14,face_20.jpg
3758,Anna Willems,2022-11-16,2022,,Productiemedewerker I,SVG,Productie,Engineering,Actief,0,,,,Contract,Tijdelijk,Schaal A,22,<25,0.79,<1 jr,Nijmegen,Voldoet volledig,3,3,5,4,Leiderschapsontwikkeling,Intern,Gezakt,4,1434.36,face_19.jpg
2473,Liv Smit,2021-03-27,2021,,Productiemanager,MSC,Productie,Corporate Operations,Actief,0,,,,Contract,Voltijd,Schaal B,54,45-54,2.43,2-3 jr,Amsterdam,Overtreft,4,4,5,2,Leiderschapsontwikkeling,Intern,Niet afgerond,5,1190.34,face_14.jpg
3669,Loes Dijkstra,2020-03-28,2020,,Productiemedewerker I,CCDR,Productie,Financiën & Administratie,Actief,0,,,,Contract,Tijdelijk,Schaal A,46,45-54,3.43,3-4 jr,Den Haag,Overtreft,4,2,4,2,Projectmanagement,Intern,Niet afgerond,1,925.71,face_10.jpg
1768,Sem Prins,2022-10-13,2022,,Productiemedewerker I,NEL,Productie,Bovengronds,Actief,0,,,,Contract,Tijdelijk,Schaal C,30,25-34,0.88,<1 jr,Rotterdam,Voldoet volledig,4,3,4,2,Leiderschapsontwikkeling,Extern,Niet afgerond,1,2162.11,face_09.jpg
3426,Sven de Groot,2022-04-27,2022,,Productiemedewerker I,BPC,Productie,Buitendienst,Actief,0,,,,Voltijd,Tijdelijk,Schaal B,31,25-34,1.35,1-2 jr,Tilburg,Voldoet volledig,2,2,5,1,Leiderschapsontwikkeling,Intern,Gezakt,5,1214.41,face_07.jpg
1826,Stijn Jacobs,2021-01-31,2021,,Productiemedewerker I,SVG,Productie,Bovengronds,Actief,0,,,,Deeltijd,Tijdelijk,Schaal B,28,25-34,2.58,2-3 jr,Amsterdam,Voldoet volledig,2,1,5,2,Technische vaardigheden,Extern,Gezakt,4,1232.63,face_07.jpg
1101,Mila Jansen,2021-03-10,2021,,Productiemedewerker I,TNS,Productie,Engineering,Actief,0,,,,Voltijd,Deeltijd,Schaal A,29,25-34,2.48,2-3 jr,Rotterdam,Voldoet volledig,2,3,3,1,Communicatievaardigheden,Intern,Afgerond,5,503.96,face_02.jpg
3337,Fenna Hendriks,2022-08-26,2022,,Productiemedewerker I,WBL,Productie,Engineering,Actief,0,,,,Voltijd,Deeltijd,Schaal A,22,<25,1.02,1-2 jr,Eindhoven,Voldoet volledig,2,3,5,2,Klantenservice,Intern,Afgerond,3,607.89,face_18.jpg
2000,Floor Hofman,2022-05-13,2022,,Productiemedewerker I,PYZ,Productie,Algemeen - Constructie,Actief,0,,,,Voltijd,Deeltijd,Schaal A,41,35-44,1.3,1-2 jr,Utrecht,Voldoet volledig,3,2,5,1,Technische vaardigheden,Intern,Geslaagd,3,1585.2,face_01.jpg
2773,Iris Visser,2022-12-28,2022,,Productiemedewerker I,SVG,Productie,Laswerk,Actief,0,,,,Voltijd,Voltijd,Schaal B,30,25-34,0.68,<1 jr,Den Haag,Verbetertraject,2,1,3,1,Communicatievaardigheden,Intern,Gezakt,4,415.75,face_14.jpg
1189,Liam de Wit,2020-06-28,2020,,Productiemedewerker II,NEL,Productie,Algemeen - Engineering,Actief,0,,,,Contract,Voltijd,Schaal C,30,25-34,3.18,3-4 jr,Utrecht,Voldoet volledig,4,3,4,2,Communicatievaardigheden,Extern,Geslaagd,1,466.18,face_10.jpg
1415,Tim Koning,2020-08-22,2020,,Productiemedewerker I,CCDR,Productie,Buitendienst,Actief,0,,,,Deeltijd,Deeltijd,Schaal A,35,35-44,3.03,3-4 jr,Amsterdam,Voldoet volledig,4,1,5,4,Klantenservice,Intern,Geslaagd,3,515.02,face_16.jpg
2369,Tom Mulder,2021-10-19,2021,,Netwerkbeheerder,SVG,Productie,Buitendienst,Actief,0,,,,Deeltijd,Voltijd,Schaal B,22,<25,1.87,1-2 jr,Almere,Moet verbeteren,3,4,5,3,Leiderschapsontwikkeling,Extern,Geslaagd,5,1238.18,face_10.jpg
3397,Lotte Kok,2022-11-05,2022,,Productiemedewerker I,PYZ,Productie,Buitendienst,Actief,0,,,,Deeltijd,Deeltijd,Schaal A,44,35-44,0.82,<1 jr,Amsterdam,Moet verbeteren,3,3,3,3,Projectmanagement,Intern,Gezakt,2,838.36,face_18.jpg
1156,Roos de Vries,2019-07-22,2019,,Productiemedewerker I,PL,Productie,Declarabele consultants,Actief,0,,,,Contract,Voltijd,Schaal A,24,<25,4.11,4+ jr,Amsterdam,Voldoet volledig,4,3,4,3,Klantenservice,Intern,Geslaagd,5,482.23,face_17.jpg
1837,Maaike Peters,2021-08-16,2021,,Productiemedewerker II,NEL,Productie,Projectmanagement - Constructie,Actief,0,,,,Deeltijd,Voltijd,Schaal B,32,25-34,2.04,2-3 jr,Amsterdam,Voldoet volledig,3,1,4,2,Projectmanagement,Intern,Gezakt,5,778.63,face_18.jpg
1240,Lucas van Dijk,2020-03-19,2020,,Productiemedewerker I,PYZ,Productie,ISP,Actief,0,,,,Contract,Tijdelijk,Schaal B,35,35-44,3.45,3-4 jr,Amsterdam,Voldoet volledig,3,4,5,3,Communicatievaardigheden,Extern,Niet afgerond,5,593.55,face_01.jpg
3077,Bram Bakker,2022-09-17,2022,,Productiemedewerker I,CCDR,Productie,Algemeen - Constructie,Actief,0,,,,Contract,Tijdelijk,Schaal A,39,35-44,0.96,<1 jr,Amsterdam,Voldoet volledig,2,1,5,2,Projectmanagement,Extern,Gezakt,3,831.99,face_18.jpg
3105,Jasper Brouwer,2020-06-07,2020,,Productiemedewerker I,WBL,Productie,Buitendienstmedewerkers,Actief,0,,,,Voltijd,Tijdelijk,Schaal B,22,<25,3.23,3-4 jr,Arnhem,Overtreft,4,4,5,4,Technische vaardigheden,Extern,Niet afgerond,3,1275.32,face_06.jpg
2810,Tess Verhoeven,2022-11-17,2022,,Productiemedewerker I,NEL,Productie,Buitendienst,Actief,0,,,,Voltijd,Deeltijd,Schaal A,40,35-44,0.79,<1 jr,Eindhoven,Voldoet volledig,3,4,4,3,Technische vaardigheden,Intern,Geslaagd,3,1397.97,face_11.jpg
3609,Saar de Boer,2021-06-02,2021,,Productiemedewerker I,TNS,Productie,Werkplaats (Wagenpark),Actief,0,,,,Contract,Voltijd,Schaal B,38,35-44,2.25,2-3 jr,Breda,Moet verbeteren,3,4,5,3,Klantenservice,Intern,Geslaagd,4,438.28,face_10.jpg
2052,Noor van der Meer,2020-06-10,2020,,Productiemedewerker I,SVG,Productie,Buitendienst,Actief,0,,,,Deeltijd,Deeltijd,Schaal B,41,35-44,3.23,3-4 jr,Rotterdam,Overtreft,2,1,4,1,Projectmanagement,Intern,Geslaagd,4,817.81,face_13.jpg
3123,Hanna Peeters,2021-07-12,2021,,Productiemedewerker I,TNS,Productie,Laswerk,Actief,0,,,,Voltijd,Deeltijd,Schaal C,39,35-44,2.14,2-3 jr,Den Haag,Voldoet volledig,3,3,5,1,Communicatievaardigheden,Extern,Afgerond,4,547.15,face_04.jpg
1117,Noud Vos,2019-02-21,2019,,Productiemedewerker I,TNS,Productie,Algemeen - Constructie,Actief,0,,,,Voltijd,Tijdelijk,Schaal C,35,35-44,4.53,4+ jr,Utrecht,Voldoet volledig,3,3,4,1,Communicatievaardigheden,Intern,Geslaagd,4,531.02,face_18.jpg
2345,Ruben Kuipers,2020-09-14,2020,,Productiemanager,BPC,Productie,Buitendienst,Actief,0,,,,Voltijd,Tijdelijk,Schaal B,44,35-44,2.96,2-3 jr,Almere,Moet verbeteren,3,3,4,3,Projectmanagement,Extern,Niet afgerond,3,1016.62,face_06.jpg
2754,Emma van den Berg,2020-04-05,2020,,Productiemedewerker I,SVG,Productie,Engineering,Actief,0,,,,Voltijd,Voltijd,Schaal C,40,35-44,3.41,3-4 jr,Utrecht,Voldoet volledig,3,5,3,4,Projectmanagement,Intern,Afgerond,1,936.82,face_15.jpg
1416,Sara Dekker,2020-04-09,2020,,Productiemedewerker I,EW,Productie,Buitendienst,Actief,0,,,,Deeltijd,Voltijd,Schaal B,31,25-34,3.39,3-4 jr,Groningen,Voldoet volledig,3,3,4,5,Klantenservice,Extern,Niet afgerond,2,930.68,face_17.jpg
3245,Lieke Maas,2019-06-07,2019,,Productiemedewerker I,CCDR,Productie,Buitendienst,Actief,0,,,,Voltijd,Voltijd,Schaal A,24,<25,4.24,4+ jr,Nijmegen,Moet verbeteren,4,2,3,3,Projectmanagement,Extern,Geslaagd,1,903.4,face_06.jpg
1253,Sanne Meijer,2020-07-13,2020,,Productiemanager,MSC,Productie,Projectmanagement - Constructie,Actief,0,,,,Deeltijd,Deeltijd,Schaal A,43,35-44,3.13,3-4 jr,Eindhoven,Overtreft,1,1,4,1,Klantenservice,Intern,Niet afgerond,2,691.65,face_14.jpg
2402,Finn Smits,2022-04-14,2022,,Productiemanager,PL,Productie,Werkplaats (Wagenpark),Actief,0,,,,Voltijd,Voltijd,Schaal C,49,45-54,1.38,1-2 jr,Groningen,Voldoet volledig,2,3,3,3,Communicatievaardigheden,Extern,Geslaagd,1,743.23,face_03.jpg
3672,Thijs Huisman,2019-01-14,2019,,Productiemedewerker II,MSC,Productie,Algemeen - Constructie,Actief,0,,,,Deeltijd,Voltijd,Schaal A,35,35-44,4.63,4+ jr,Rotterdam,Voldoet volledig,4,2,3,1,Projectmanagement,Extern,Niet afgerond,1,611.65,face_13.jpg
3189,Bas Bos,2023-08-04,2023,,Productiemedewerker I,TNS,Productie,Projectmanagement - Constructie,Actief,0,,,,Voltijd,Tijdelijk,Schaal C,46,45-54,0.08,<1 jr,Amsterdam,Voldoet volledig,3,3,5,4,Leiderschapsontwikkeling,Intern,Geslaagd,5,1310.63,face_10.jpg
2747,Sophie Vermeulen,2018-08-18,2018,,Productiemedewerker I,SVG,Productie,Algemeen - Constructie,Actief,0,,,,Deeltijd,Deeltijd,Schaal B,32,25-34,5.04,4+ jr,Rotterdam,Overtreft,3,1,5,3,Technische vaardigheden,Extern,Geslaagd,2,1471.81,face_08.jpg
3366,Nora de Jong,2019-01-20,2019,,Productiemedewerker II,PL,Productie,Algemeen - Constructie,Actief,0,,,,Contract,Voltijd,Schaal C,32,25-34,4.61,4+ jr,Amsterdam,Voldoet volledig,4,4,5,3,Projectmanagement,Extern,Afgerond,1,1076.17,face_07.jpg
3219,Evi van Leeuwen,2019-09-20,2019,,Productiemedewerker II,PL,Productie,Directie,Actief,0,,,,Voltijd,Voltijd,Schaal B,35,35-44,3.95,3-4 jr,Utrecht,Moet verbeteren,2,2,4,2,Communicatievaardigheden,Extern,Niet afgerond,2,432.76,face_20.jpg
2918,Daan Willems,2018-12-22,2018,,Productiemedewerker I,SVG,Productie,Buitendienst,Actief,0,,,,Deeltijd,Voltijd,Schaal B,25,25-34,4.69,4+ jr,Almere,Voldoet volledig,2,1,4,2,Projectmanagement,Extern,Niet afgerond,1,1328.36,face_19.jpg
2061,Jesse Smit,2018-12-12,2018,,Productiemedewerker I,CCDR,Productie,Engineering,Actief,0,,,,Voltijd,Voltijd,Schaal A,37,35-44,4.72,4+ jr,Utrecht,Moet verbeteren,2,2,3,2,Technische vaardigheden,Extern,Gezakt,1,1240.59,face_02.jpg
2089,Lars Dijkstra,2018-12-29,2018,,Productiemedewerker I,TNS,Productie,Technologie / IT,Actief,0,,,,Contract,Deeltijd,Schaal C,45,45-54,4.67,4+ jr,Eindhoven,Voldoet volledig,3,3,4,1,Communicatievaardigheden,Intern,Niet afgerond,2,535.85,face_10.jpg
3617,Julia Prins,2023-02-01,2023,,Productiemedewerker I,EW,Productie,Bekabeling Aanleg,Actief,0,,,,Voltijd,Voltijd,Schaal C,29,25-34,0.58,<1 jr,Almere,Voldoet volledig,2,1,5,3,Klantenservice,Intern,Geslaagd,5,730.7,face_18.jpg
3134,Eva de Groot,2018-12-06,2018,,Productiemedewerker II,TNS,Productie,Buitendienstmedewerkers,Actief,0,,,,Deeltijd,Voltijd,Schaal C,38,35-44,4.74,4+ jr,Haarlem,Voldoet volledig,3,5,5,4,Technische vaardigheden,Extern,Niet afgerond,4,1526.72,face_15.jpg
2715,Maud Jacobs,2023-02-01,2023,,Regiomanager Verkoop,PL,Verkoop,Buitendienst,Actief,0,,,,Voltijd,Tijdelijk,Schaal B,28,25-34,0.58,<1 jr,Den Haag,Voldoet volledig,3,4,5,3,Klantenservice,Extern,Geslaagd,5,795.89,face_16.jpg
2667,Femke Jansen,2019-10-03,2019,,Administratief medewerker,BPC,Verkoop,Declarabele consultants,Actief,0,,,,Voltijd,Deeltijd,Schaal B,42,35-44,3.91,3-4 jr,Breda,Voldoet volledig,4,3,5,4,Leiderschapsontwikkeling,Extern,Niet afgerond,4,1210.96,face_08.jpg
3429,Levi Hendriks,2018-12-10,2018,,Regiomanager Verkoop,PL,Verkoop,Algemeen - SGA,Actief,0,,,,Voltijd,Deeltijd,Schaal B,45,45-54,4.73,4+ jr,Groningen,Voldoet volledig,4,3,5,4,Leiderschapsontwikkeling,Extern,Niet afgerond,2,2115.47,face_10.jpg
2702,Cas Hofman,2019-10-02,2019,,Regiomanager Verkoop,BPC,Verkoop,Bovengronds,Actief,0,,,,Contract,Voltijd,Schaal B,43,35-44,3.92,3-4 jr,Rotterdam,Voldoet volledig,2,3,4,1,Communicatievaardigheden,Intern,Gezakt,1,563.13,face_03.jpg
3529,Niels Visser,2020-01-03,2020,,Regiomanager Verkoop,SVG,Verkoop,Buitendienst,Actief,0,,,,Deeltijd,Voltijd,Schaal C,42,35-44,3.66,3-4 jr,Den Haag,Voldoet volledig,2,3,5,1,Projectmanagement,Intern,Afgerond,1,1211.44,face_10.jpg
2586,Anna de Wit,2020-04-15,2020,,Regiomanager Verkoop,CCDR,Verkoop,Buitendienst,Actief,0,,,,Voltijd,Tijdelijk,Schaal B,40,35-44,3.38,3-4 jr,Nijmegen,Overtreft,2,1,4,2,Klantenservice,Intern,Geslaagd,5,414.26,face_07.jpg
3554,Liv Koning,2019-03-31,2019,,Regiomanager Verkoop,MSC,Verkoop,HR-services,Actief,0,,,,Deeltijd,Tijdelijk,Schaal C,36,35-44,4.42,4+ jr,Nijmegen,Voldoet volledig,3,3,5,4,Projectmanagement,Intern,Niet afgerond,4,854.88,face_15.jpg
2655,Loes Mulder,2022-08-02,2022,,Regiomanager Verkoop,NEL,Verkoop,Algemeen - Constructie,Actief,0,,,,Contract,Deeltijd,Schaal A,57,55-64,1.08,1-2 jr,Almere,Voldoet volledig,3,4,4,3,Projectmanagement,Extern,Afgerond,3,1087.57,face_16.jpg
2671,Sem Kok,2022-07-18,2022,,Regiomanager Verkoop,WBL,Verkoop,Buitendienst,Actief,0,,,,Deeltijd,Tijdelijk,Schaal C,45,45-54,1.12,1-2 jr,Rotterdam,Moet verbeteren,3,4,5,4,Projectmanagement,Intern,Niet afgerond,4,930.32,face_12.jpg
2580,Sven de Vries,2020-04-29,2020,,Regiomanager Verkoop,BPC,Verkoop,Financiën & Administratie,Actief,0,,,,Voltijd,Deeltijd,Schaal A,34,25-34,3.34,3-4 jr,Groningen,Voldoet volledig,2,4,5,4,Communicatievaardigheden,Intern,Afgerond,1,481.35,face_01.jpg
3495,Stijn Peters,2023-06-22,2023,,Regiomanager Verkoop,TNS,Verkoop,Bekabeling Aanleg,Actief,0,,,,Deeltijd,Tijdelijk,Schaal B,49,45-54,0.19,<1 jr,Tilburg,Overtreft,4,2,5,4,Klantenservice,Extern,Geslaagd,1,728.23,face_16.jpg
2585,Mila van Dijk,2021-06-04,2021,,Regiomanager Verkoop,PYZ,Verkoop,Algemeen - Constructie,Actief,0,,,,Contract,Tijdelijk,Schaal A,52,45-54,2.24,2-3 jr,Rotterdam,Voldoet volledig,4,4,5,4,Klantenservice,Extern,Geslaagd,1,662.72,face_06.jpg
2734,Fenna Bakker,2020-12-02,2020,,Regiomanager Verkoop,NEL,Verkoop,Algemeen - Constructie,Actief,0,,,,Contract,Deeltijd,Schaal C,44,35-44,2.75,2-3 jr,Utrecht,Voldoet volledig,3,3,5,3,Communicatievaardigheden,Extern,Afgerond,5,467.05,face_15.jpg
1376,Floor Brouwer,2019-12-03,2019,,Administratief medewerker,CCDR,Verkoop,Buitendienst,Actief,0,,,,Voltijd,Tijdelijk,Schaal B,46,45-54,3.75,3-4 jr,Tilburg,Voldoet volledig,3,5,5,4,Klantenservice,Extern,Geslaagd,3,721.56,face_17.jpg
1939,Iris Verhoeven,2019-06-06,2019,,Productiemedewerker II,PYZ,Verkoop,Buitendienst,Actief,0,,,,Contract,Tijdelijk,Schaal C,37,35-44,4.24,4+ jr,Amsterdam,Voldoet volledig,3,2,5,4,Communicatievaardigheden,Extern,Geslaagd,3,613.68,face_20.jpg
3826,Liam de Boer,2023-04-26,2023,,IT-support,PL,IT/IS,Buitendienst,Actief,0,,,,Deeltijd,Voltijd,Schaal B,38,35-44,0.35,<1 jr,Breda,Voldoet volledig,5,5,4,5,Communicatievaardigheden,Intern,Gezakt,4,349.64,face_07.jpg
2355,Tim van der Meer,2019-03-25,2019,,Data-analist,WBL,IT/IS,Buitendienst,Actief,0,,,,Contract,Tijdelijk,Schaal C,39,35-44,4.44,4+ jr,Den Haag,Voldoet volledig,4,4,4,3,Klantenservice,Extern,Niet afgerond,3,807.5,face_16.jpg
3906,Tom Peeters,2020-08-25,2020,,IT-support,NEL,IT/IS,Bekabeling Aanleg,Actief,0,,,,Contract,Tijdelijk,Schaal C,30,25-34,3.02,3-4 jr,Amsterdam,Voldoet volledig,3,3,5,2,Projectmanagement,Intern,Geslaagd,2,597.77,face_07.jpg
3894,Lotte Vos,2023-05-29,2023,,IT-support,MSC,IT/IS,Bovengronds,Actief,0,,,,Voltijd,Voltijd,Schaal A,34,25-34,0.26,<1 jr,Eindhoven,Voldoet volledig,3,3,4,1,Leiderschapsontwikkeling,Extern,Niet afgerond,4,1698.47,face_15.jpg
1721,Roos Kuipers,2019-09-22,2019,,Senior BI-ontwikkelaar,NEL,IT/IS,Financiën & Administratie,Actief,0,,,,Voltijd,Voltijd,Schaal B,32,25-34,3.94,3-4 jr,Haarlem,Voldoet volledig,3,3,4,2,Projectmanagement,Extern,Geslaagd,2,994.88,face_02.jpg
2495,Maaike van den Berg,2020-03-08,2020,,IT-directeur,NEL,IT/IS,Buitendienstmedewerkers,Actief,0,,,,Contract,Deeltijd,Schaal B,35,35-44,3.48,3-4 jr,Amsterdam,Overtreft,5,5,4,4,Projectmanagement,Intern,Geslaagd,3,976.51,face_16.jpg
3915,Lucas Dekker,2022-08-28,2022,,Netwerkbeheerder,TNS,IT/IS,Buitendienst,Actief,0,,,,Contract,Deeltijd,Schaal B,41,35-44,1.01,1-2 jr,Amsterdam,Voldoet volledig,5,5,5,3,Leiderschapsontwikkeling,Extern,Geslaagd,2,2197.92,face_16.jpg
3944,Bram Maas,2020-12-21,2020,,Data-analist,SVG,IT/IS,Algemeen - SGA,Actief,0,,,,Voltijd,Voltijd,Schaal A,37,35-44,2.69,2-3 jr,Rotterdam,Voldoet volledig,5,5,5,5,Technische vaardigheden,Extern,Geslaagd,1,1402.28,face_05.jpg
2516,Jasper Meijer,2022-02-18,2022,,Operationeel directeur,MSC,IT/IS,Buitendienst,Actief,0,,,,Voltijd,Tijdelijk,Schaal C,39,35-44,1.53,1-2 jr,Rotterdam,Overtreft,2,2,4,3,Klantenservice,Intern,Gezakt,1,457.22,face_17.jpg
3840,Tess Smits,2023-04-01,2023,,Senior netwerkbeheerder,BPC,IT/IS,Buitendienst,Actief,0,,,,Deeltijd,Voltijd,Schaal B,43,35-44,0.42,<1 jr,Amsterdam,Voldoet volledig,3,5,4,3,Technische vaardigheden,Extern,Geslaagd,4,1563.29,face_01.jpg
3820,Saar Huisman,2018-08-11,2018,,Netwerkbeheerder,EW,IT/IS,Algemeen - Constructie,Actief,0,,,,Contract,Voltijd,Schaal C,42,35-44,5.06,4+ jr,Tilburg,Overtreft,3,5,3,4,Projectmanagement,Extern,Afgerond,2,1187.21,face_01.jpg
2227,Noor Bos,2021-12-27,2021,,IT-support,EW,IT/IS,Bovengronds,Actief,0,,,,Contract,Voltijd,Schaal B,22,<25,1.68,1-2 jr,Rotterdam,Verbetertraject,3,3,5,5,Projectmanagement,Intern,Afgerond,2,885.96,face_08.jpg
2572,Hanna Vermeulen,2022-08-07,2022,,BI-ontwikkelaar,PYZ,IT/IS,Engineering,Actief,0,,,,Contract,Tijdelijk,Schaal A,38,35-44,1.07,1-2 jr,Amsterdam,Voldoet volledig,2,2,4,4,Technische vaardigheden,Intern,Niet afgerond,5,695.87,face_13.jpg
3890,Noud de Jong,2022-07-19,2022,,Netwerkbeheerder,WBL,IT/IS,Algemeen - Constructie,Actief,0,,,,Voltijd,Tijdelijk,Schaal B,24,<25,1.12,1-2 jr,Den Haag,Voldoet volledig,2,3,5,3,Projectmanagement,Extern,Niet afgerond,4,963.98,face_11.jpg
2274,Ruben van Leeuwen,2020-02-18,2020,,IT-manager Support,BPC,IT/IS,Bovengronds,Actief,0,,,,Voltijd,Tijdelijk,Schaal A,32,25-34,3.53,3-4 jr,Rotterdam,Voldoet volledig,5,3,5,4,Klantenservice,Extern,Geslaagd,2,646.82,face_15.jpg
3817,Emma Willems,2021-10-10,2021,,IT-support,CCDR,IT/IS,Algemeen - Constructie,Actief,0,,,,Deeltijd,Voltijd,Schaal A,42,35-44,1.89,1-2 jr,Amsterdam,Voldoet volledig,2,3,5,3,Klantenservice,Intern,Geslaagd,4,381.19,face_18.jpg
2561,Sara Smit,2021-07-15,2021,,IT-manager DB,NEL,IT/IS,Algemeen - Constructie,Actief,0,,,,Contract,Tijdelijk,Schaal B,46,45-54,2.13,2-3 jr,Eindhoven,Voldoet volledig,3,4,4,3,Technische vaardigheden,Extern,Geslaagd,4,1028.5,face_02.jpg
2221,Lieke Dijkstra,2019-05-31,2019,,IT-support,MSC,IT/IS,Buitendienst,Actief,0,,,,Contract,Deeltijd,Schaal C,59,55-64,4.25,4+ jr,Rotterdam,Voldoet volledig,1,2,5,1,Technische vaardigheden,Intern,Niet afgerond,1,956.59,face_02.jpg
1651,Sanne Prins,2019-10-05,2019,,BI-ontwikkelaar,PL,IT/IS,Bovengronds,Actief,0,,,,Deeltijd,Tijdelijk,Schaal A,39,35-44,3.91,3-4 jr,Den Haag,Voldoet volledig,4,1,5,3,Klantenservice,Intern,Gezakt,5,686.18,face_12.jpg
3995,Finn de Groot,2019-07-15,2019,,Databasebeheerder,NEL,IT/IS,Bekabeling Aanleg,Actief,0,,,,Voltijd,Tijdelijk,Schaal A,22,<25,4.13,4+ jr,Den Haag,Voldoet volledig,3,2,5,4,Projectmanagement,Extern,Geslaagd,3,1235.92,face_16.jpg
3463,Thijs Jacobs,2020-04-30,2020,2023-06-12 21:19:39.021976606,Regiomanager Verkoop,TNS,Verkoop,Buitendienst,Uit dienst,1,Onvrijwillig,Functioneren,,Deeltijd,Tijdelijk,Schaal A,56,55-64,3.34,3-4 jr,Den Haag,Verbetertraject,1,1,2,1,Technische vaardigheden,Intern,Niet afgerond,4,1301.29,face_04.jpg
2245,Bas Jansen,2021-02-28,2021,2022-07-27 22:22:56.724265211,IT-manager Infra,WBL,IT/IS,Engineering,Uit dienst,1,Onvrijwillig,Reorganisatie,,Deeltijd,Deeltijd,Schaal C,26,25-34,2.51,2-3 jr,Den Haag,Voldoet volledig,1,1,3,1,Projectmanagement,Intern,Geslaagd,1,973.81,face_06.jpg
2553,Sophie Hendriks,2022-08-19,2022,2023-04-01 17:56:40.234936643,IT-manager DB,NEL,IT/IS,Bovengronds,Uit dienst,1,Onvrijwillig,Functioneren,,Contract,Deeltijd,Schaal B,33,25-34,1.03,1-2 jr,Eindhoven,Moet verbeteren,2,1,3,3,Projectmanagement,Extern,Gezakt,2,1234.51,face_14.jpg
3856,Nora Hofman,2023-03-17,2023,,Netwerkbeheerder,TNS,Directie,Bekabeling Aanleg,Actief,0,,,,Deeltijd,Deeltijd,Schaal C,37,35-44,0.46,<1 jr,Eindhoven,Voldoet volledig,3,2,5,4,Technische vaardigheden,Extern,Afgerond,4,1809.79,face_17.jpg
1002,Evi Visser,2022-12-12,2022,2023-05-08 20:09:54.666646516,Softwareontwikkelaar,NEL,Softwareontwikkeling,CATV,Uit dienst,1,Vrijwillig,Werk-privébalans,Spijtig,Deeltijd,Tijdelijk,Schaal A,34,25-34,0.72,<1 jr,Haarlem,Voldoet volledig,3,1,2,1,Leiderschapsontwikkeling,Intern,Geslaagd,2,1200.48,face_03.jpg
2499,Daan de Wit,2023-04-08,2023,2023-06-07 00:00:00.000000000,Softwareontwikkelaar,PL,Softwareontwikkeling,Projectmanagement - Constructie,Uit dienst,1,Vrijwillig,Werk-privébalans,Spijtig,Contract,Voltijd,Schaal B,43,35-44,0.4,<1 jr,Almere,Moet verbeteren,3,3,2,1,Projectmanagement,Intern,Niet afgerond,2,883.02,face_20.jpg
1052,Jesse Koning,2021-02-25,2021,,Manager Shared Services,WBL,Softwareontwikkeling,Algemeen - Constructie,Actief,0,,,,Contract,Deeltijd,Schaal B,40,35-44,2.51,2-3 jr,Utrecht,Moet verbeteren,4,4,4,3,Communicatievaardigheden,Intern,Afgerond,4,370.79,face_13.jpg
2492,Lars Mulder,2019-07-20,2019,,Softwareontwikkelaar,CCDR,Softwareontwikkeling,Algemeen - Constructie,Actief,0,,,,Voltijd,Tijdelijk,Schaal C,35,35-44,4.12,4+ jr,Breda,Moet verbeteren,2,3,3,2,Leiderschapsontwikkeling,Extern,Gezakt,4,1381.1,face_13.jpg
1085,Julia Kok,2022-03-27,2022,,Softwareontwikkelaar,PYZ,Softwareontwikkeling,Algemeen - Constructie,Actief,0,,,,Contract,Voltijd,Schaal B,26,25-34,1.43,1-2 jr,Eindhoven,Voldoet volledig,3,4,4,4,Klantenservice,Extern,Afgerond,5,722.54,face_06.jpg
2530,Eva de Vries,2022-10-20,2022,,Softwareontwikkelaar,PL,Softwareontwikkeling,Magazijn (Materiaalbeheer),Actief,0,,,,Deeltijd,Tijdelijk,Schaal C,36,35-44,0.87,<1 jr,Groningen,Voldoet volledig,2,1,3,1,Technische vaardigheden,Extern,Afgerond,4,1037.81,face_11.jpg
1331,Maud Peters,2021-08-11,2021,,Accountant I,TNS,Administratie,HR-services,Actief,0,,,,Voltijd,Tijdelijk,Schaal C,34,25-34,2.06,2-3 jr,Rotterdam,Voldoet volledig,4,1,3,1,Communicatievaardigheden,Intern,Afgerond,2,336.48,face_12.jpg
1375,Femke van Dijk,2021-07-14,2021,,Senior accountant,PYZ,Administratie,Technologie / IT,Actief,0,,,,Contract,Voltijd,Schaal B,39,35-44,2.13,2-3 jr,Amsterdam,Voldoet volledig,5,4,5,5,Technische vaardigheden,Extern,Gezakt,3,1203.58,face_16.jpg
1358,Levi Bakker,2018-11-08,2018,,Accountant I,TNS,Administratie,Buitendienst,Actief,0,,,,Deeltijd,Voltijd,Schaal B,33,25-34,4.81,4+ jr,Amsterdam,Moet verbeteren,3,3,3,3,Communicatievaardigheden,Intern,Geslaagd,2,527.31,face_19.jpg
1383,Cas Brouwer,2022-01-28,2022,,Senior accountant,BPC,Administratie,Algemeen - Constructie,Actief,0,,,,Contract,Deeltijd,Schaal C,22,<25,1.59,1-2 jr,Den Haag,Voldoet volledig,3,1,4,4,Klantenservice,Intern,Gezakt,3,490.43,face_04.jpg
